"中文","繁體中文（香港）","繁體中文（台灣）","English","Bahasa Indonesia","Bahasa Melayu","Español","한국어","Italiano","日本語","Português","Русский","ภาษาไทย","Tiếng Việt","العربية","Türkçe","Deutsch","Français"
"计算器","計算器","計算機","Calculator","Kalkulator","Kalkulator","Calculadora","계산기","Calcolatore","計算機","Calculadora","Калькулятор","เครื่องคำนวณ","Máy tính","الحاسبة","Hesaplayıcı","Rechner","Calculatrice"
"清单","清單","清單","Checklist","Daftar periksa","Senarai semak","Lista de verificación","체크리스트","Lista di controllo","チェックリスト","Lista de verificação","Чек-лист","เช็กลิสต์","Danh sách kiểm tra","قائمة التحقق","Kontrol listesi","Checkliste","Liste de contrôle"
"使用说明","使用說明","使用說明","Instructions","Petunjuk penggunaan","Arahan penggunaan","Instrucciones","사용 안내","Istruzioni","使い方","Instruções","Инструкции","คำแนะนำการใช้งาน","Hướng dẫn sử dụng","تعليمات الاستخدام","Kullanım talimatları","Anleitung","Instructions"
"延时摄影计算器","延時攝影計算器","縮時攝影計算機","Timelapse Calculator","Kalkulator timelapse","Kalkulator selang masa","Calculadora de timelapse","타임랩스 계산기","Calcolatore timelapse","タイムラプス計算機","Calculadora de timelapse","Калькулятор таймлапса","เครื่องคำนวณไทม์แลปส์","Máy tính time-lapse","حاسبة التصوير الزمني","Timelapse Hesaplayıcı","Zeitraffer-Rechner","Calculatrice de timelapse"
"点击图标或输入2-3个已知参数，留空的项目会自动计算","點擊圖示或輸入2-3個已知參數，留空的項目會自動計算","點擊圖示或輸入 2-3 個已知參數，留空的項目會自動計算","Tap an icon or enter 2-3 known values. Blank fields will be calculated automatically.","Ketuk ikon atau masukkan 2-3 nilai yang diketahui. Kolom kosong akan dihitung otomatis.","Ketik ikon atau masukkan 2-3 nilai yang diketahui. Medan kosong akan dikira secara automatik.","Toca un icono o introduce 2-3 valores conocidos. Los campos en blanco se calcularán automáticamente.","아이콘을 누르거나 알려진 값 2-3개를 입력하세요. 빈 항목은 자동 계산됩니다.","Tocca un'icona o inserisci 2-3 valori noti. I campi vuoti saranno calcolati automaticamente.","アイコンをタップするか既知の値を2-3個入力してください。空欄は自動計算されます。","Toque em um ícone ou insira 2-3 valores conhecidos. Os campos em branco serão calculados automaticamente.","Нажмите значок или введите 2-3 известных значения. Пустые поля будут рассчитаны автоматически.","แตะไอคอนหรือป้อนค่าที่ทราบ 2-3 ค่า ช่องว่างจะคำนวณอัตโนมัติ","Nhấn biểu tượng hoặc nhập 2-3 giá trị đã biết. Các trường để trống sẽ được tự động tính.","اضغط على أيقونة أو أدخل قيمتين أو ثلاث قيم معروفة. سيتم حساب الحقول الفارغة تلقائيا.","Bir simgeye dokunun veya bilinen 2-3 değer girin. Boş alanlar otomatik hesaplanır.","Tippe auf ein Symbol oder gib 2-3 bekannte Werte ein. Leere Felder werden automatisch berechnet.","Touchez une icône ou saisissez 2-3 valeurs connues. Les champs vides seront calculés automatiquement."
"云流动","雲流動","雲流動","Moving clouds","Pergerakan awan","Pergerakan awan","Nubes en movimiento","구름 흐름","Nuvole in movimento","雲の流れ","Nuvens em movimento","Движение облаков","เมฆเคลื่อนที่","Mây chuyển động","حركة السحب","Bulut hareketi","Wolkenbewegung","Nuages en mouvement"
"日落","日落","日落","Sunset","Matahari terbenam","Matahari terbenam","Atardecer","일몰","Tramonto","夕日","Pôr do sol","Закат","พระอาทิตย์ตก","Hoàng hôn","غروب الشمس","Gün batımı","Sonnenuntergang","Coucher de soleil"
"星空","星空","星空","Starry sky","Langit berbintang","Langit berbintang","Cielo estrellado","별이 빛나는 하늘","Cielo stellato","星空","Céu estrelado","Звездное небо","ท้องฟ้าที่เต็มไปด้วยดาว","Bầu trời sao","سماء مرصعة بالنجوم","Yıldızlı gökyüzü","Sternenhimmel","Ciel étoilé"
"车流","車流","車流","Traffic","Lalu lintas","Trafik","Tráfico","차량 흐름","Traffico","車の流れ","Tráfego","Поток машин","การจราจร","Dòng xe","حركة المرور","Trafik","Verkehr","Circulation"
"人群","人群","人群","Crowd","Kerumunan","Orang ramai","Multitud","군중","Folla","人の流れ","Multidão","Толпа","ฝูงชน","Đám đông","الحشود","Kalabalık","Menschenmenge","Foule"
"植物","植物","植物","Plants","Tanaman","Tumbuhan","Plantas","식물","Piante","植物","Plantas","Растения","พืช","Cây cối","النباتات","Bitkiler","Pflanzen","Plantes"
"8-15秒","8-15秒","8-15 秒","8-15 sec","8-15 dtk","8-15 saat","8-15 s","8-15초","8-15 sec","8-15秒","8-15 s","8-15 сек.","8-15 วินาที","8-15 giây","8-15 ثانية","8-15 sn","8-15 Sek.","8-15 s"
"10-20秒","10-20秒","10-20 秒","10-20 sec","10-20 dtk","10-20 saat","10-20 s","10-20초","10-20 sec","10-20秒","10-20 s","10-20 сек.","10-20 วินาที","10-20 giây","10-20 ثانية","10-20 sn","10-20 Sek.","10-20 s"
"30-40秒","30-40秒","30-40 秒","30-40 sec","30-40 dtk","30-40 saat","30-40 s","30-40초","30-40 sec","30-40秒","30-40 s","30-40 сек.","30-40 วินาที","30-40 giây","30-40 ثانية","30-40 sn","30-40 Sek.","30-40 s"
"1-3秒","1-3秒","1-3 秒","1-3 sec","1-3 dtk","1-3 saat","1-3 s","1-3초","1-3 sec","1-3秒","1-3 s","1-3 сек.","1-3 วินาที","1-3 giây","1-3 ثانية","1-3 sn","1-3 Sek.","1-3 s"
"2-5秒","2-5秒","2-5 秒","2-5 sec","2-5 dtk","2-5 saat","2-5 s","2-5초","2-5 sec","2-5秒","2-5 s","2-5 сек.","2-5 วินาที","2-5 giây","2-5 ثانية","2-5 sn","2-5 Sek.","2-5 s"
"60-300秒","60-300秒","60-300 秒","60-300 sec","60-300 dtk","60-300 saat","60-300 s","60-300초","60-300 sec","60-300秒","60-300 s","60-300 сек.","60-300 วินาที","60-300 giây","60-300 ثانية","60-300 sn","60-300 Sek.","60-300 s"
"适合云层移动明显的白天场景","適合雲層移動明顯的日間場景","適合雲層移動明顯的白天場景","Best for daytime scenes with obvious cloud movement","Cocok untuk suasana siang dengan gerakan awan yang jelas","Sesuai untuk suasana siang dengan pergerakan awan yang jelas","Ideal para escenas diurnas con movimiento evidente de nubes","구름 움직임이 뚜렷한 주간 장면에 적합","Ideale per scene diurne con movimento evidente delle nuvole","雲の動きがはっきり見える昼間のシーンに最適","Ideal para cenas diurnas com movimento claro das nuvens","Подходит для дневных сцен с заметным движением облаков","เหมาะกับฉากกลางวันที่เห็นการเคลื่อนที่ของเมฆชัดเจน","Phù hợp với cảnh ban ngày có mây chuyển động rõ","مناسب للمشاهد النهارية التي تظهر فيها حركة السحب بوضوح","Belirgin bulut hareketi olan gündüz sahneleri için uygundur","Geeignet für Tagesszenen mit deutlicher Wolkenbewegung","Idéal pour les scènes de jour avec un mouvement net des nuages"
"适合太阳落山前后光线变化","適合太陽落山前後的光線變化","適合太陽下山前後的光線變化","Best for light changes around sunset","Cocok untuk perubahan cahaya sekitar matahari terbenam","Sesuai untuk perubahan cahaya sekitar matahari terbenam","Ideal para cambios de luz alrededor del atardecer","일몰 전후의 빛 변화에 적합","Ideale per i cambiamenti di luce intorno al tramonto","日没前後の光の変化に最適","Ideal para mudanças de luz ao redor do pôr do sol","Подходит для изменения света около заката","เหมาะกับการเปลี่ยนแสงช่วงพระอาทิตย์ตก","Phù hợp với thay đổi ánh sáng quanh lúc hoàng hôn","مناسب لتغيرات الضوء حول وقت الغروب","Gün batımı çevresindeki ışık değişimleri için uygundur","Geeignet für Lichtwechsel rund um den Sonnenuntergang","Idéal pour les changements de lumière autour du coucher du soleil"
"建议手动对焦并准备外接供电","建議手動對焦並準備外接供電","建議手動對焦並準備外接電源","Use manual focus and prepare external power","Gunakan fokus manual dan siapkan daya eksternal","Gunakan fokus manual dan sediakan kuasa luaran","Usa enfoque manual y prepara alimentación externa","수동 초점을 사용하고 외부 전원을 준비하세요","Usa la messa a fuoco manuale e prepara alimentazione esterna","マニュアルフォーカスを使い外部電源を準備してください","Use foco manual e prepare energia externa","Используйте ручную фокусировку и подготовьте внешнее питание","แนะนำให้โฟกัสแบบแมนนวลและเตรียมไฟเลี้ยงภายนอก","Nên lấy nét thủ công và chuẩn bị nguồn điện ngoài","ينصح بالتركيز اليدوي وتجهيز مصدر طاقة خارجي","Manuel odak kullanın ve harici güç hazırlayın","Manuellen Fokus verwenden und externe Stromversorgung vorbereiten","Utilisez la mise au point manuelle et prévoyez une alimentation externe"
"适合城市道路和高架夜景","適合城市道路和高架夜景","適合城市道路和高架夜景","Best for city roads and elevated night scenes","Cocok untuk jalan kota dan pemandangan malam jalan layang","Sesuai untuk jalan bandar dan pemandangan malam jejambat","Ideal para carreteras urbanas y escenas nocturnas elevadas","도시 도로와 고가도로 야경에 적합","Ideale per strade urbane e notturni sopraelevati","都市道路や高架道路の夜景に最適","Ideal para vias urbanas e cenas noturnas elevadas","Подходит для городских дорог и ночных эстакад","เหมาะกับถนนในเมืองและภาพกลางคืนบนทางยกระดับ","Phù hợp với đường phố và cảnh đêm cầu vượt","مناسب للطرق الحضرية والمشاهد الليلية المرتفعة","Şehir yolları ve yüksek yol gece sahneleri için uygundur","Geeignet für Stadtstraßen und nächtliche Hochstraßen","Idéal pour les routes urbaines et les scènes nocturnes surélevées"
"适合广场、展会和街区流动","適合廣場、展會和街區流動","適合廣場、展會和街區人流","Best for movement in squares, exhibitions, and streets","Cocok untuk pergerakan di alun-alun, pameran, dan jalan","Sesuai untuk pergerakan di dataran, pameran dan jalan","Ideal para movimiento en plazas, ferias y calles","광장, 전시회, 거리의 흐름에 적합","Ideale per movimento in piazze, fiere e strade","広場、展示会、街中の人の流れに最適","Ideal para movimento em praças, feiras e ruas","Подходит для движения на площадях, выставках и улицах","เหมาะกับการเคลื่อนไหวในลาน งานแสดง และย่านถนน","Phù hợp với chuyển động ở quảng trường, triển lãm và phố xá","مناسب للحركة في الساحات والمعارض والشوارع","Meydan, fuar ve sokak hareketleri için uygundur","Geeignet für Bewegung auf Plätzen, Messen und Straßen","Idéal pour les mouvements sur places, salons et rues"
"适合长周期固定机位拍摄","適合長周期固定機位拍攝","適合長週期固定機位拍攝","Best for long-duration fixed-camera shooting","Cocok untuk pemotretan lama dengan kamera tetap","Sesuai untuk rakaman jangka panjang dengan kamera tetap","Ideal para tomas largas con cámara fija","장시간 고정 카메라 촬영에 적합","Ideale per riprese lunghe con camera fissa","長時間の固定カメラ撮影に最適","Ideal para captação longa com câmera fixa","Подходит для длительной съемки с фиксированной камерой","เหมาะกับการถ่ายระยะยาวจากมุมกล้องคงที่","Phù hợp với quay dài hạn bằng máy cố định","مناسب للتصوير طويل المدة بكاميرا ثابتة","Uzun süreli sabit kamera çekimi için uygundur","Geeignet für lange Aufnahmen mit fester Kamera","Idéal pour les prises longues avec caméra fixe"
"拍摄时长","拍攝時長","拍攝時長","Shooting duration","Durasi pemotretan","Tempoh rakaman","Duración de captura","촬영 시간","Durata di ripresa","撮影時間","Duração da captura","Длительность съемки","ระยะเวลาถ่าย","Thời lượng chụp","مدة التصوير","Çekim süresi","Aufnahmedauer","Durée de prise de vue"
"成片时长","成片時長","成片時長","Final video duration","Durasi video akhir","Tempoh video akhir","Duración del video final","완성 영상 길이","Durata del video finale","完成動画の長さ","Duração do vídeo final","Длительность готового видео","ความยาววิดีโอสุดท้าย","Thời lượng video hoàn chỉnh","مدة الفيديو النهائي","Son video süresi","Dauer des fertigen Videos","Durée de la vidéo finale"
"帧速率","幀速率","影格率","Frame rate","Laju bingkai","Kadar bingkai","Velocidad de fotogramas","프레임 속도","Frequenza fotogrammi","フレームレート","Taxa de quadros","Частота кадров","อัตราเฟรม","Tốc độ khung hình","معدل الإطارات","Kare hızı","Bildrate","Fréquence d'images"
"拍摄间隔","拍攝間隔","拍攝間隔","Shooting interval","Interval pemotretan","Selang rakaman","Intervalo de captura","촬영 간격","Intervallo di scatto","撮影間隔","Intervalo de captura","Интервал съемки","ช่วงเวลาถ่าย","Khoảng cách chụp","فاصل التصوير","Çekim aralığı","Aufnahmeintervall","Intervalle de prise de vue"
"总张数","總張數","總張數","Total shots","Total foto","Jumlah tangkapan","Total de fotos","총 촬영 장수","Scatti totali","総撮影枚数","Total de fotos","Всего снимков","จำนวนภาพทั้งหมด","Tổng số ảnh","إجمالي اللقطات","Toplam çekim","Gesamtzahl der Aufnahmen","Nombre total de photos"
"自动","自動","自動","Auto","Otomatis","Automatik","Automático","자동","Automatico","自動","Automático","Авто","อัตโนมัติ","Tự động","تلقائي","Otomatik","Automatisch","Auto"
"留空自动算","留空自動計算","留空自動計算","Leave blank to auto-calculate","Kosongkan untuk hitung otomatis","Biarkan kosong untuk kira automatik","Dejar en blanco para calcular automáticamente","비워두면 자동 계산","Lascia vuoto per calcolo automatico","空欄で自動計算","Deixe em branco para calcular automaticamente","Оставьте пустым для автоподсчета","เว้นว่างเพื่อคำนวณอัตโนมัติ","Để trống để tự động tính","اتركه فارغا للحساب التلقائي","Otomatik hesaplamak için boş bırakın","Leer lassen für automatische Berechnung","Laisser vide pour calcul automatique"
"分","分鐘","phút","min","mnt","min","min","분","min","分","min","мин","นาที","phút","دقيقة","dk","Min.","min"
"秒","秒","秒","sec","dtk","saat","s","초","sec","秒","s","сек.","วินาที","giây","ثانية","sn","Sek.","s"
"张","張","張","shots","foto","tangkapan","fotos","장","scatti","枚","fotos","снимков","ภาพ","ảnh","لقطات","çekim","Aufnahmen","photos"
"拍摄提醒","拍攝提醒","拍攝提醒","Shooting reminders","Pengingat pemotretan","Peringatan rakaman","Recordatorios de captura","촬영 알림","Promemoria di ripresa","撮影リマインダー","Lembretes de captura","Напоминания о съемке","คำเตือนการถ่าย","Nhắc nhở chụp","تذكيرات التصوير","Çekim hatırlatmaları","Aufnahmehinweise","Rappels de prise de vue"
"计算","計算","計算","Calculate","Hitung","Kira","Calcular","계산","Calcola","計算","Calcular","Рассчитать","คำนวณ","Tính","احسب","Hesapla","Berechnen","Calculer"
"重新计算","重新計算","重新計算","Recalculate","Hitung ulang","Kira semula","Recalcular","다시 계산","Ricalcola","再計算","Recalcular","Пересчитать","คำนวณใหม่","Tính lại","أعد الحساب","Yeniden hesapla","Neu berechnen","Recalculer"
"复制结果","複製結果","複製結果","Copy result","Salin hasil","Salin hasil","Copiar resultado","결과 복사","Copia risultato","結果をコピー","Copiar resultado","Скопировать результат","คัดลอกผลลัพธ์","Sao chép kết quả","نسخ النتيجة","Sonucu kopyala","Ergebnis kopieren","Copier le résultat"
"重置","重置","重設","Reset","Atur ulang","Tetapkan semula","Restablecer","초기화","Reimposta","リセット","Redefinir","Сбросить","รีเซ็ต","Đặt lại","إعادة تعيين","Sıfırla","Zurücksetzen","Réinitialiser"
"历史记录（最近10条）","歷史記錄（最近10條）","歷史紀錄（最近 10 筆）","History (latest 10)","Riwayat (10 terbaru)","Sejarah (10 terkini)","Historial (10 recientes)","기록(최근 10개)","Cronologia (ultimi 10)","履歴（最新10件）","Histórico (10 recentes)","История (последние 10)","ประวัติ 10 รายการล่าสุด","Lịch sử (10 mục gần nhất)","السجل (آخر 10)","Geçmiş (son 10)","Verlauf (letzte 10)","Historique (10 derniers)"
"收起","收起","收合","Collapse","Ciutkan","Runtuhkan","Contraer","접기","Comprimi","折りたたむ","Recolher","Свернуть","ยุบ","Thu gọn","طي","Daralt","Einklappen","Réduire"
"展开","展開","展開","Expand","Perluas","Kembangkan","Expandir","펼치기","Espandi","展開","Expandir","Развернуть","ขยาย","Mở rộng","توسيع","Genişlet","Erweitern","Développer"
"暂无历史记录","暫無歷史記錄","暫無歷史紀錄","No history yet","Belum ada riwayat","Tiada sejarah lagi","Aún no hay historial","아직 기록 없음","Nessuna cronologia","履歴はありません","Sem histórico ainda","Истории пока нет","ยังไม่มีประวัติ","Chưa có lịch sử","لا يوجد سجل بعد","Henüz geçmiş yok","Noch kein Verlauf","Aucun historique"
"复制","複製","複製","Copy","Salin","Salin","Copiar","복사","Copia","コピー","Copiar","Копировать","คัดลอก","Sao chép","نسخ","Kopyala","Kopieren","Copier"
"清空历史","清空歷史","清除歷史紀錄","Clear history","Hapus riwayat","Kosongkan sejarah","Borrar historial","기록 지우기","Cancella cronologia","履歴を消去","Limpar histórico","Очистить историю","ล้างประวัติ","Xóa lịch sử","مسح السجل","Geçmişi temizle","Verlauf löschen","Effacer l'historique"
"请选择有效帧速率","請選擇有效幀速率","請選擇有效影格率","Please select a valid frame rate","Pilih laju bingkai yang valid","Sila pilih kadar bingkai yang sah","Selecciona una velocidad de fotogramas válida","유효한 프레임 속도를 선택하세요","Seleziona una frequenza fotogrammi valida","有効なフレームレートを選択してください","Selecione uma taxa de quadros válida","Выберите допустимую частоту кадров","โปรดเลือกอัตราเฟรมที่ถูกต้อง","Vui lòng chọn tốc độ khung hình hợp lệ","يرجى اختيار معدل إطارات صالح","Geçerli bir kare hızı seçin","Bitte eine gültige Bildrate wählen","Veuillez sélectionner une fréquence d'images valide"
"{field}必须大于0","{field}必須大於0","{field} 必須大於 0","{field} must be greater than 0","{field} harus lebih dari 0","{field} mesti lebih besar daripada 0","{field} debe ser mayor que 0","{field}은 0보다 커야 합니다","{field} deve essere maggiore di 0","{field}は0より大きい必要があります","{field} deve ser maior que 0","{field} должно быть больше 0","{field} ต้องมากกว่า 0","{field} phải lớn hơn 0","يجب أن يكون {field} أكبر من 0","{field} 0'dan büyük olmalıdır","{field} muss größer als 0 sein","{field} doit être supérieur à 0"
"{field}必须是整数","{field}必須是整數","{field} 必須是整數","{field} must be an integer","{field} harus berupa bilangan bulat","{field} mesti nombor bulat","{field} debe ser un número entero","{field}은 정수여야 합니다","{field} deve essere un numero intero","{field}は整数である必要があります","{field} deve ser um número inteiro","{field} должно быть целым числом","{field} ต้องเป็นจำนวนเต็ม","{field} phải là số nguyên","يجب أن يكون {field} عددا صحيحا","{field} tam sayı olmalıdır","{field} muss eine ganze Zahl sein","{field} doit être un nombre entier"
"至少输入两个参数","至少輸入兩個參數","至少輸入兩個參數","Enter at least two parameters","Masukkan minimal dua parameter","Masukkan sekurang-kurangnya dua parameter","Introduce al menos dos parámetros","매개변수를 두 개 이상 입력하세요","Inserisci almeno due parametri","少なくとも2つのパラメータを入力してください","Insira pelo menos dois parâmetros","Введите минимум два параметра","ป้อนพารามิเตอร์อย่างน้อยสองรายการ","Nhập ít nhất hai tham số","أدخل معلمتين على الأقل","En az iki parametre girin","Gib mindestens zwei Parameter ein","Saisissez au moins deux paramètres"
"总张数与成片时长冲突","總張數與成片時長衝突","總張數與成片時長衝突","Total shots conflict with final video duration","Total foto bertentangan dengan durasi video akhir","Jumlah tangkapan bercanggah dengan tempoh video akhir","El total de fotos entra en conflicto con la duración final","총 촬영 장수가 완성 영상 길이와 충돌합니다","Gli scatti totali sono in conflitto con la durata del video finale","総撮影枚数が完成動画の長さと矛盾しています","Total de fotos conflita com a duração final do vídeo","Общее число снимков конфликтует с длительностью видео","จำนวนภาพทั้งหมดขัดแย้งกับความยาววิดีโอสุดท้าย","Tổng số ảnh mâu thuẫn với thời lượng video hoàn chỉnh","إجمالي اللقطات يتعارض مع مدة الفيديو النهائي","Toplam çekim son video süresiyle çakışıyor","Gesamtzahl der Aufnahmen widerspricht der Videodauer","Le nombre total de photos est incompatible avec la durée finale"
"总张数与拍摄时长/间隔冲突","總張數與拍攝時長/間隔衝突","總張數與拍攝時長/間隔衝突","Total shots conflict with shooting duration/interval","Total foto bertentangan dengan durasi/interval pemotretan","Jumlah tangkapan bercanggah dengan tempoh/selang rakaman","El total de fotos entra en conflicto con la duración/intervalo de captura","총 촬영 장수가 촬영 시간/간격과 충돌합니다","Gli scatti totali sono in conflitto con durata/intervallo di ripresa","総撮影枚数が撮影時間/間隔と矛盾しています","Total de fotos conflita com duração/intervalo de captura","Общее число снимков конфликтует с длительностью/интервалом съемки","จำนวนภาพทั้งหมดขัดแย้งกับระยะเวลาหรือช่วงเวลาถ่าย","Tổng số ảnh mâu thuẫn với thời lượng/khoảng cách chụp","إجمالي اللقطات يتعارض مع مدة أو فاصل التصوير","Toplam çekim, çekim süresi/aralığıyla çakışıyor","Gesamtzahl der Aufnahmen widerspricht Aufnahmedauer/Intervall","Le nombre total de photos est incompatible avec la durée/l'intervalle"
"成片时长与拍摄参数冲突","成片時長與拍攝參數衝突","成片時長與拍攝參數衝突","Final video duration conflicts with shooting settings","Durasi video akhir bertentangan dengan pengaturan pemotretan","Tempoh video akhir bercanggah dengan tetapan rakaman","La duración final entra en conflicto con los ajustes de captura","완성 영상 길이가 촬영 설정과 충돌합니다","La durata del video finale è in conflitto con le impostazioni di ripresa","完成動画の長さが撮影設定と矛盾しています","Duração final do vídeo conflita com as configurações de captura","Длительность видео конфликтует с параметрами съемки","ความยาววิดีโอสุดท้ายขัดแย้งกับค่าการถ่าย","Thời lượng video hoàn chỉnh mâu thuẫn với cài đặt chụp","مدة الفيديو النهائي تتعارض مع إعدادات التصوير","Son video süresi çekim ayarlarıyla çakışıyor","Videodauer widerspricht den Aufnahmeeinstellungen","La durée finale est incompatible avec les réglages de prise de vue"
"参数不足，无法计算总张数","參數不足，無法計算總張數","參數不足，無法計算總張數","Not enough parameters to calculate total shots","Parameter tidak cukup untuk menghitung total foto","Parameter tidak mencukupi untuk mengira jumlah tangkapan","No hay suficientes parámetros para calcular el total de fotos","총 촬영 장수를 계산할 매개변수가 부족합니다","Parametri insufficienti per calcolare gli scatti totali","総撮影枚数を計算するためのパラメータが不足しています","Parâmetros insuficientes para calcular o total de fotos","Недостаточно параметров для расчета общего числа снимков","พารามิเตอร์ไม่พอสำหรับคำนวณจำนวนภาพทั้งหมด","Không đủ tham số để tính tổng số ảnh","المعلمات غير كافية لحساب إجمالي اللقطات","Toplam çekimi hesaplamak için yeterli parametre yok","Nicht genug Parameter zur Berechnung der Gesamtzahl","Paramètres insuffisants pour calculer le nombre total"
"还需输入拍摄时长或间隔","還需輸入拍攝時長或間隔","還需輸入拍攝時長或間隔","Enter shooting duration or interval","Masukkan durasi atau interval pemotretan","Masukkan tempoh atau selang rakaman","Introduce la duración o el intervalo de captura","촬영 시간 또는 간격을 입력하세요","Inserisci durata o intervallo di ripresa","撮影時間または間隔を入力してください","Insira a duração ou o intervalo de captura","Введите длительность или интервал съемки","ป้อนระยะเวลาถ่ายหรือช่วงเวลาถ่าย","Nhập thời lượng chụp hoặc khoảng cách chụp","أدخل مدة التصوير أو الفاصل","Çekim süresi veya aralığı girin","Aufnahmedauer oder Intervall eingeben","Saisissez la durée ou l'intervalle de prise de vue"
"总张数较高，请提前确认存储空间、电量和设备稳定性","總張數較高，請提前確認儲存空間、電量和設備穩定性","總張數較高，請提前確認儲存空間、電量和設備穩定性","Total shots are high. Check storage, battery, and device stability in advance.","Total foto tinggi. Periksa penyimpanan, baterai, dan stabilitas perangkat terlebih dahulu.","Jumlah tangkapan tinggi. Semak storan, bateri dan kestabilan peranti lebih awal.","El total de fotos es alto. Revisa almacenamiento, batería y estabilidad del dispositivo con antelación.","총 촬영 장수가 많습니다. 저장 공간, 배터리, 기기 안정성을 미리 확인하세요.","Gli scatti totali sono molti. Controlla spazio, batteria e stabilità del dispositivo in anticipo.","総撮影枚数が多めです。事前にストレージ、電池、機器の安定性を確認してください。","O total de fotos é alto. Verifique armazenamento, bateria e estabilidade do dispositivo com antecedência.","Снимков много. Заранее проверьте память, заряд и стабильность устройства.","จำนวนภาพค่อนข้างมาก โปรดตรวจสอบพื้นที่เก็บข้อมูล แบตเตอรี่ และความเสถียรของอุปกรณ์ล่วงหน้า","Tổng số ảnh khá cao. Hãy kiểm tra bộ nhớ, pin và độ ổn định thiết bị trước.","عدد اللقطات كبير. تحقق مسبقا من التخزين والبطارية واستقرار الجهاز.","Toplam çekim yüksek. Depolama, pil ve cihaz kararlılığını önceden kontrol edin.","Viele Aufnahmen. Prüfe vorher Speicher, Akku und Gerätestabilität.","Le nombre de photos est élevé. Vérifiez stockage, batterie et stabilité de l'appareil à l'avance."
"拍摄间隔很短，请确认快门速度、写入速度和缓存能力","拍攝間隔很短，請確認快門速度、寫入速度和緩存能力","拍攝間隔很短，請確認快門速度、寫入速度和快取能力","The shooting interval is very short. Check shutter speed, write speed, and buffer capacity.","Interval pemotretan sangat pendek. Periksa kecepatan rana, kecepatan tulis, dan kapasitas buffer.","Selang rakaman sangat pendek. Semak kelajuan pengatup, kelajuan tulis dan kapasiti penimbal.","El intervalo es muy corto. Revisa velocidad de obturación, escritura y capacidad de búfer.","촬영 간격이 매우 짧습니다. 셔터 속도, 쓰기 속도, 버퍼 용량을 확인하세요.","L'intervallo di scatto è molto breve. Controlla tempo di scatto, velocità di scrittura e buffer.","撮影間隔が非常に短いです。シャッター速度、書き込み速度、バッファ容量を確認してください。","O intervalo é muito curto. Verifique velocidade do obturador, gravação e capacidade de buffer.","Интервал очень короткий. Проверьте выдержку, скорость записи и буфер.","ช่วงเวลาถ่ายสั้นมาก โปรดตรวจสอบความเร็วชัตเตอร์ ความเร็วเขียน และบัฟเฟอร์","Khoảng cách chụp rất ngắn. Hãy kiểm tra tốc độ màn trập, tốc độ ghi và bộ đệm.","فاصل التصوير قصير جدا. تحقق من سرعة الغالق وسرعة الكتابة وسعة التخزين المؤقت.","Çekim aralığı çok kısa. Deklanşör hızı, yazma hızı ve tampon kapasitesini kontrol edin.","Das Intervall ist sehr kurz. Prüfe Verschlusszeit, Schreibgeschwindigkeit und Puffer.","L'intervalle est très court. Vérifiez vitesse d'obturation, écriture et mémoire tampon."
"拍摄时长较长，建议使用三脚架、外接供电并锁定构图","拍攝時長較長，建議使用三腳架、外接供電並鎖定構圖","拍攝時長較長，建議使用腳架、外接電源並鎖定構圖","The shoot is long. Use a tripod, external power, and locked composition.","Pemotretan cukup lama. Gunakan tripod, daya eksternal, dan komposisi terkunci.","Rakaman agak lama. Gunakan tripod, kuasa luaran dan komposisi terkunci.","La captura es larga. Usa trípode, alimentación externa y composición fija.","촬영 시간이 깁니다. 삼각대와 외부 전원을 사용하고 구도를 고정하세요.","La ripresa è lunga. Usa treppiede, alimentazione esterna e composizione bloccata.","撮影時間が長めです。三脚、外部電源、固定構図の使用をおすすめします。","A captura é longa. Use tripé, energia externa e composição travada.","Съемка длительная. Используйте штатив, внешнее питание и фиксированную композицию.","ระยะเวลาถ่ายค่อนข้างยาว แนะนำให้ใช้ขาตั้ง ไฟภายนอก และล็อกองค์ประกอบภาพ","Thời lượng chụp khá dài. Nên dùng chân máy, nguồn ngoài và khóa bố cục.","مدة التصوير طويلة. ينصح باستخدام حامل ثلاثي وطاقة خارجية وتثبيت التكوين.","Çekim uzun. Tripod, harici güç ve sabit kadraj kullanın.","Die Aufnahme ist lang. Nutze Stativ, externe Stromversorgung und feste Komposition.","La prise de vue est longue. Utilisez un trépied, une alimentation externe et un cadrage fixe."
"已生成{presetName}","已生成{presetName}","已產生{presetName}","Generated {presetName}","{presetName} dibuat","{presetName} dijana","{presetName} generado","{presetName} 생성됨","{presetName} generato","{presetName}を生成しました","{presetName} gerado","Создано: {presetName}","สร้าง {presetName} แล้ว","Đã tạo {presetName}","تم إنشاء {presetName}","{presetName} oluşturuldu","{presetName} erstellt","{presetName} généré"
"清空历史记录","清空歷史記錄","清除歷史紀錄","Clear history","Hapus riwayat","Kosongkan sejarah","Borrar historial","기록 지우기","Cancella cronologia","履歴を消去","Limpar histórico","Очистить историю","ล้างประวัติ","Xóa lịch sử","مسح السجل","Geçmişi temizle","Verlauf löschen","Effacer l'historique"
"确认清空最近10条计算历史？","確認清空最近10條計算歷史？","確認清除最近 10 筆計算歷史？","Clear the latest 10 calculation records?","Hapus 10 riwayat perhitungan terbaru?","Kosongkan 10 sejarah pengiraan terkini?","¿Borrar los 10 registros de cálculo más recientes?","최근 계산 기록 10개를 지울까요?","Cancellare gli ultimi 10 calcoli?","最新10件の計算履歴を消去しますか？","Limpar os 10 registros de cálculo mais recentes?","Очистить последние 10 расчетов?","ล้างประวัติการคำนวณ 10 รายการล่าสุดหรือไม่","Xóa 10 lịch sử tính toán gần nhất?","هل تريد مسح آخر 10 سجلات حساب؟","Son 10 hesaplama kaydı silinsin mi?","Die letzten 10 Berechnungen löschen?","Effacer les 10 derniers calculs ?"
"清空","清空","清除","Clear","Hapus","Kosongkan","Borrar","지우기","Cancella","消去","Limpar","Очистить","ล้าง","Xóa","مسح","Temizle","Löschen","Effacer"
"已回填历史记录","已回填歷史記錄","已回填歷史紀錄","History restored","Riwayat diisi kembali","Sejarah diisi semula","Historial restaurado","기록을 불러왔습니다","Cronologia ripristinata","履歴を復元しました","Histórico restaurado","История восстановлена","เติมข้อมูลจากประวัติแล้ว","Đã điền lại lịch sử","تمت استعادة السجل","Geçmiş geri yüklendi","Verlauf wiederhergestellt","Historique restauré"
"暂无可复制结果","暫無可複製結果","暫無可複製結果","No result to copy","Belum ada hasil untuk disalin","Tiada hasil untuk disalin","No hay resultado para copiar","복사할 결과가 없습니다","Nessun risultato da copiare","コピーできる結果がありません","Nenhum resultado para copiar","Нет результата для копирования","ยังไม่มีผลลัพธ์ให้คัดลอก","Chưa có kết quả để sao chép","لا توجد نتيجة لنسخها","Kopyalanacak sonuç yok","Kein Ergebnis zum Kopieren","Aucun résultat à copier"
"已复制结果","已複製結果","已複製結果","Result copied","Hasil disalin","Hasil disalin","Resultado copiado","결과가 복사되었습니다","Risultato copiato","結果をコピーしました","Resultado copiado","Результат скопирован","คัดลอกผลลัพธ์แล้ว","Đã sao chép kết quả","تم نسخ النتيجة","Sonuç kopyalandı","Ergebnis kopiert","Résultat copié"
"延时摄影方案：拍摄时长 {duration} 分钟，成片时长 {finalDuration} 秒，帧速率 {frameRate} fps，拍摄间隔 {interval} 秒，总张数 {totalFrames} 张。","延時攝影方案：拍攝時長 {duration} 分鐘，成片時長 {finalDuration} 秒，幀速率 {frameRate} fps，拍攝間隔 {interval} 秒，總張數 {totalFrames} 張。","縮時攝影方案：拍攝時長 {duration} 分鐘，成片時長 {finalDuration} 秒，影格率 {frameRate} fps，拍攝間隔 {interval} 秒，總張數 {totalFrames} 張。","Timelapse plan: shooting duration {duration} min, final video {finalDuration} sec, frame rate {frameRate} fps, interval {interval} sec, total shots {totalFrames}.","Rencana timelapse: durasi pemotretan {duration} mnt, video akhir {finalDuration} dtk, laju bingkai {frameRate} fps, interval {interval} dtk, total foto {totalFrames}.","Pelan selang masa: tempoh rakaman {duration} min, video akhir {finalDuration} saat, kadar bingkai {frameRate} fps, selang {interval} saat, jumlah tangkapan {totalFrames}.","Plan de timelapse: duración de captura {duration} min, video final {finalDuration} s, velocidad {frameRate} fps, intervalo {interval} s, total de fotos {totalFrames}.","타임랩스 계획: 촬영 시간 {duration}분, 완성 영상 {finalDuration}초, 프레임 속도 {frameRate} fps, 촬영 간격 {interval}초, 총 {totalFrames}장.","Piano timelapse: durata ripresa {duration} min, video finale {finalDuration} sec, frequenza {frameRate} fps, intervallo {interval} sec, scatti totali {totalFrames}.","タイムラプスプラン：撮影時間 {duration} 分、完成動画 {finalDuration} 秒、フレームレート {frameRate} fps、撮影間隔 {interval} 秒、総撮影枚数 {totalFrames} 枚。","Plano de timelapse: duração da captura {duration} min, vídeo final {finalDuration} s, taxa {frameRate} fps, intervalo {interval} s, total de fotos {totalFrames}.","План таймлапса: съемка {duration} мин, итоговое видео {finalDuration} сек., частота {frameRate} fps, интервал {interval} сек., всего снимков {totalFrames}.","แผนไทม์แลปส์: ระยะเวลาถ่าย {duration} นาที วิดีโอสุดท้าย {finalDuration} วินาที อัตราเฟรม {frameRate} fps ช่วงเวลาถ่าย {interval} วินาที จำนวนภาพทั้งหมด {totalFrames} ภาพ","Phương án time-lapse: thời lượng chụp {duration} phút, video hoàn chỉnh {finalDuration} giây, tốc độ {frameRate} fps, khoảng cách {interval} giây, tổng số ảnh {totalFrames}.","خطة التصوير الزمني: مدة التصوير {duration} دقيقة، مدة الفيديو النهائي {finalDuration} ثانية، معدل الإطارات {frameRate} fps، فاصل التصوير {interval} ثانية، إجمالي اللقطات {totalFrames}.","Timelapse planı: çekim süresi {duration} dk, son video {finalDuration} sn, kare hızı {frameRate} fps, aralık {interval} sn, toplam çekim {totalFrames}.","Zeitraffer-Plan: Aufnahmedauer {duration} Min., fertiges Video {finalDuration} Sek., Bildrate {frameRate} fps, Intervall {interval} Sek., Gesamtaufnahmen {totalFrames}.","Plan timelapse : durée de prise de vue {duration} min, vidéo finale {finalDuration} s, fréquence {frameRate} fps, intervalle {interval} s, nombre total {totalFrames}."
"拍摄清单","拍攝清單","拍攝清單","Shooting checklist","Daftar periksa pemotretan","Senarai semak rakaman","Lista de captura","촬영 체크리스트","Lista di controllo ripresa","撮影チェックリスト","Lista de captura","Чек-лист съемки","เช็กลิสต์การถ่าย","Danh sách kiểm tra chụp","قائمة تحقق التصوير","Çekim kontrol listesi","Aufnahme-Checkliste","Liste de contrôle de prise de vue"
"为下一次计划拍摄整理设备，按设备类型勾选和补充检查项。","為下一次計劃拍攝整理設備，按設備類型勾選和補充檢查項。","為下一次計畫拍攝整理設備，按設備類型勾選和補充檢查項。","Organize gear for your next planned shoot. Check and add items by equipment type.","Atur perlengkapan untuk pemotretan berikutnya. Centang dan tambahkan item menurut jenis perangkat.","Susun peralatan untuk rakaman dirancang seterusnya. Tanda dan tambah item mengikut jenis peralatan.","Organiza el equipo para tu próxima toma. Marca y añade elementos por tipo de equipo.","다음 촬영 장비를 정리하세요. 장비 유형별로 항목을 체크하고 추가할 수 있습니다.","Organizza l'attrezzatura per la prossima ripresa. Spunta e aggiungi elementi per tipo.","次回の撮影に向けて機材を整理し、種類別にチェック項目を追加できます。","Organize o equipamento para a próxima captura. Marque e adicione itens por tipo.","Подготовьте оборудование для следующей съемки. Отмечайте и добавляйте пункты по типу.","จัดอุปกรณ์สำหรับการถ่ายครั้งถัดไป เลือกและเพิ่มรายการตามประเภทอุปกรณ์","Sắp xếp thiết bị cho lần chụp tiếp theo. Đánh dấu và bổ sung mục theo loại thiết bị.","نظم المعدات للتصوير القادم. تحقق من العناصر وأضفها حسب نوع المعدات.","Sonraki planlı çekim için ekipmanları düzenleyin. Öğeleri ekipman türüne göre işaretleyip ekleyin.","Organisiere Ausrüstung für die nächste Aufnahme. Prüfe und ergänze Punkte nach Gerätetyp.","Organisez le matériel pour votre prochaine prise de vue. Cochez et ajoutez des éléments par type."
"隐私提醒：本小程序不收集个人信息，清单仅保存在微信本地缓存中。清理缓存、删除小程序或更换设备后，数据可能丢失。","私隱提醒：本小程序不收集個人資料，清單僅保存在微信本地緩存中。清理緩存、刪除小程序或更換設備後，資料可能丟失。","隱私提醒：本小程式不收集個人資訊，清單僅保存在微信本機快取中。清理快取、刪除小程式或更換裝置後，資料可能遺失。","Privacy notice: this Mini Program does not collect personal information. The checklist is stored only in WeChat local cache. Data may be lost after clearing cache, deleting the Mini Program, or changing devices.","Pemberitahuan privasi: Mini Program ini tidak mengumpulkan informasi pribadi. Daftar hanya disimpan di cache lokal WeChat. Data dapat hilang setelah cache dibersihkan, Mini Program dihapus, atau perangkat diganti.","Notis privasi: Program Mini ini tidak mengumpul maklumat peribadi. Senarai hanya disimpan dalam cache tempatan WeChat. Data mungkin hilang selepas cache dikosongkan, Program Mini dipadam atau peranti ditukar.","Aviso de privacidad: este Mini Program no recopila información personal. La lista solo se guarda en la caché local de WeChat. Los datos pueden perderse al borrar la caché, eliminar el Mini Program o cambiar de dispositivo.","개인정보 안내: 이 미니 프로그램은 개인정보를 수집하지 않습니다. 체크리스트는 WeChat 로컬 캐시에만 저장됩니다. 캐시 삭제, 미니 프로그램 삭제, 기기 변경 시 데이터가 사라질 수 있습니다.","Avviso privacy: questo Mini Program non raccoglie dati personali. La lista è salvata solo nella cache locale di WeChat. I dati possono andare persi cancellando la cache, eliminando il Mini Program o cambiando dispositivo.","プライバシー通知：このミニプログラムは個人情報を収集しません。チェックリストはWeChatのローカルキャッシュにのみ保存されます。キャッシュ削除、ミニプログラム削除、端末変更でデータが失われる場合があります。","Aviso de privacidade: este Mini Programa não coleta informações pessoais. A lista fica apenas no cache local do WeChat. Dados podem ser perdidos ao limpar cache, excluir o Mini Programa ou trocar de dispositivo.","Уведомление о конфиденциальности: мини-программа не собирает личные данные. Чек-лист хранится только в локальном кэше WeChat. Данные могут быть потеряны после очистки кэша, удаления мини-программы или смены устройства.","ประกาศความเป็นส่วนตัว: มินิโปรแกรมนี้ไม่เก็บข้อมูลส่วนบุคคล เช็กลิสต์จะบันทึกเฉพาะในแคชภายใน WeChat ข้อมูลอาจสูญหายหลังล้างแคช ลบมินิโปรแกรม หรือเปลี่ยนอุปกรณ์","Thông báo quyền riêng tư: Mini Program này không thu thập thông tin cá nhân. Danh sách chỉ lưu trong bộ nhớ đệm cục bộ của WeChat. Dữ liệu có thể mất khi xóa bộ nhớ đệm, xóa Mini Program hoặc đổi thiết bị.","تنبيه الخصوصية: لا يجمع هذا البرنامج المصغر معلومات شخصية. تحفظ القائمة فقط في ذاكرة WeChat المحلية. قد تفقد البيانات بعد مسح الذاكرة المؤقتة أو حذف البرنامج المصغر أو تغيير الجهاز.","Gizlilik bildirimi: Bu Mini Program kişisel bilgi toplamaz. Kontrol listesi yalnızca WeChat yerel önbelleğinde saklanır. Önbelleği temizleme, Mini Programı silme veya cihaz değiştirme sonrası veriler kaybolabilir.","Datenschutzhinweis: Dieses Mini Program sammelt keine personenbezogenen Daten. Die Checkliste wird nur im lokalen WeChat-Cache gespeichert. Daten können nach Cache-Löschung, Löschen des Mini Programs oder Gerätewechsel verloren gehen.","Avis de confidentialité : ce Mini Program ne collecte pas d'informations personnelles. La liste est stockée uniquement dans le cache local de WeChat. Les données peuvent être perdues après effacement du cache, suppression du Mini Program ou changement d'appareil."
"计划事件","計劃事件","計畫事件","Planned event","Acara terencana","Acara dirancang","Evento planificado","계획한 이벤트","Evento pianificato","予定イベント","Evento planejado","Запланированное событие","กิจกรรมที่วางแผน","Sự kiện dự kiến","الحدث المخطط","Planlanan etkinlik","Geplantes Ereignis","Événement prévu"
"名称","名稱","名稱","Name","Nama","Nama","Nombre","이름","Nome","名前","Nome","Название","ชื่อ","Tên","الاسم","Ad","Name","Nom"
"例如：周末日落延时","例如：週末日落延時","例如：週末日落縮時","Example: weekend sunset timelapse","Contoh: timelapse matahari terbenam akhir pekan","Contoh: selang masa matahari terbenam hujung minggu","Ejemplo: timelapse de atardecer de fin de semana","예: 주말 일몰 타임랩스","Esempio: timelapse tramonto weekend","例：週末の夕日タイムラプス","Exemplo: timelapse do pôr do sol no fim de semana","Например: таймлапс заката на выходных","เช่น ไทม์แลปส์พระอาทิตย์ตกสุดสัปดาห์","Ví dụ: time-lapse hoàng hôn cuối tuần","مثال: تصوير زمني لغروب نهاية الأسبوع","Örnek: hafta sonu gün batımı timelapse","Beispiel: Wochenend-Sonnenuntergang-Zeitraffer","Exemple : timelapse de coucher de soleil du week-end"
"日期","日期","日期","Date","Tanggal","Tarikh","Fecha","날짜","Data","日付","Data","Дата","วันที่","Ngày","التاريخ","Tarih","Datum","Date"
"选择日期","選擇日期","選擇日期","Select date","Pilih tanggal","Pilih tarikh","Seleccionar fecha","날짜 선택","Seleziona data","日付を選択","Selecionar data","Выбрать дату","เลือกวันที่","Chọn ngày","اختر التاريخ","Tarih seç","Datum auswählen","Choisir une date"
"新增检查项","新增檢查項","新增檢查項","Add checklist item","Tambah item daftar periksa","Tambah item senarai semak","Añadir elemento","체크 항목 추가","Aggiungi elemento","チェック項目を追加","Adicionar item","Добавить пункт","เพิ่มรายการตรวจสอบ","Thêm mục kiểm tra","إضافة عنصر تحقق","Kontrol öğesi ekle","Checklistenpunkt hinzufügen","Ajouter un élément"
"分类","分類","分類","Category","Kategori","Kategori","Categoría","분류","Categoria","カテゴリ","Categoria","Категория","หมวดหมู่","Danh mục","الفئة","Kategori","Kategorie","Catégorie"
"输入自定义设备或事项","輸入自訂設備或事項","輸入自訂設備或事項","Enter custom gear or item","Masukkan perlengkapan atau hal khusus","Masukkan peralatan atau perkara tersuai","Introduce equipo o elemento personalizado","사용자 지정 장비 또는 항목 입력","Inserisci attrezzatura o elemento personalizzato","カスタム機材または項目を入力","Insira equipamento ou item personalizado","Введите свое оборудование или пункт","ป้อนอุปกรณ์หรือรายการกำหนดเอง","Nhập thiết bị hoặc mục tùy chỉnh","أدخل معدات أو عنصرا مخصصا","Özel ekipman veya öğe girin","Eigene Ausrüstung oder Punkt eingeben","Saisir un matériel ou élément personnalisé"
"添加","添加","新增","Add","Tambah","Tambah","Añadir","추가","Aggiungi","追加","Adicionar","Добавить","เพิ่ม","Thêm","إضافة","Ekle","Hinzufügen","Ajouter"
"暂无检查项，可在上方添加。","暫無檢查項，可在上方添加。","暫無檢查項，可在上方新增。","No checklist items yet. Add one above.","Belum ada item. Tambahkan di atas.","Tiada item lagi. Tambah di atas.","Aún no hay elementos. Añade uno arriba.","아직 체크 항목이 없습니다. 위에서 추가하세요.","Nessun elemento. Aggiungine uno sopra.","チェック項目はまだありません。上で追加できます。","Ainda não há itens. Adicione acima.","Пунктов пока нет. Добавьте выше.","ยังไม่มีรายการตรวจสอบ เพิ่มได้ด้านบน","Chưa có mục kiểm tra. Thêm ở trên.","لا توجد عناصر تحقق بعد. أضف من الأعلى.","Henüz öğe yok. Yukarıdan ekleyin.","Noch keine Punkte. Oben hinzufügen.","Aucun élément. Ajoutez-en un ci-dessus."
"删除","刪除","刪除","Delete","Hapus","Padam","Eliminar","삭제","Elimina","削除","Excluir","Удалить","ลบ","Xóa","حذف","Sil","Löschen","Supprimer"
"恢复默认","恢復預設","恢復預設","Restore defaults","Pulihkan default","Pulihkan lalai","Restaurar valores predeterminados","기본값 복원","Ripristina predefiniti","既定値に戻す","Restaurar padrões","Восстановить по умолчанию","คืนค่าเริ่มต้น","Khôi phục mặc định","استعادة الافتراضي","Varsayılanları geri yükle","Standards wiederherstellen","Restaurer les valeurs par défaut"
"删除清单","刪除清單","刪除清單","Delete checklist","Hapus daftar","Padam senarai","Eliminar lista","체크리스트 삭제","Elimina lista","チェックリストを削除","Excluir lista","Удалить чек-лист","ลบเช็กลิสต์","Xóa danh sách","حذف القائمة","Listeyi sil","Checkliste löschen","Supprimer la liste"
"拍摄设备","拍攝設備","拍攝設備","Shooting gear","Peralatan pemotretan","Peralatan rakaman","Equipo de captura","촬영 장비","Attrezzatura di ripresa","撮影機材","Equipamento de captura","Оборудование для съемки","อุปกรณ์ถ่าย","Thiết bị chụp","معدات التصوير","Çekim ekipmanı","Aufnahmeausrüstung","Matériel de prise de vue"
"镜头与滤镜","鏡頭與濾鏡","鏡頭與濾鏡","Lenses and filters","Lensa dan filter","Kanta dan penapis","Objetivos y filtros","렌즈 및 필터","Obiettivi e filtri","レンズとフィルター","Lentes e filtros","Объективы и фильтры","เลนส์และฟิลเตอร์","Ống kính và kính lọc","العدسات والمرشحات","Lensler ve filtreler","Objektive und Filter","Objectifs et filtres"
"支撑设备","支撐設備","支撐設備","Support gear","Peralatan penyangga","Peralatan sokongan","Equipo de soporte","지지 장비","Supporti","支持機材","Equipamento de suporte","Опорное оборудование","อุปกรณ์รองรับ","Thiết bị hỗ trợ","معدات الدعم","Destek ekipmanı","Stützausrüstung","Matériel de support"
"运动控制设备","運動控制設備","運動控制設備","Motion control gear","Peralatan kontrol gerak","Peralatan kawalan gerakan","Equipo de control de movimiento","모션 제어 장비","Attrezzatura motion control","モーション制御機材","Equipamento de controle de movimento","Оборудование управления движением","อุปกรณ์ควบคุมการเคลื่อนที่","Thiết bị điều khiển chuyển động","معدات التحكم بالحركة","Hareket kontrol ekipmanı","Motion-Control-Ausrüstung","Matériel de contrôle de mouvement"
"供电设备","供電設備","供電設備","Power gear","Peralatan daya","Peralatan kuasa","Equipo de alimentación","전원 장비","Alimentazione","電源機材","Equipamento de energia","Питание","อุปกรณ์จ่ายไฟ","Thiết bị nguồn","معدات الطاقة","Güç ekipmanı","Stromversorgung","Matériel d'alimentation"
"存储设备","儲存設備","儲存設備","Storage gear","Peralatan penyimpanan","Peralatan storan","Equipo de almacenamiento","저장 장비","Archiviazione","保存機材","Equipamento de armazenamento","Носители данных","อุปกรณ์จัดเก็บข้อมูล","Thiết bị lưu trữ","معدات التخزين","Depolama ekipmanı","Speicherausrüstung","Matériel de stockage"
"现场辅助设备","現場輔助設備","現場輔助設備","On-site support gear","Peralatan pendukung lapangan","Peralatan sokongan di lokasi","Equipo auxiliar en sitio","현장 보조 장비","Supporto sul posto","現場補助機材","Equipamento de apoio no local","Вспомогательное оборудование на месте","อุปกรณ์ช่วยภาคสนาม","Thiết bị hỗ trợ tại hiện trường","معدات الدعم في الموقع","Saha destek ekipmanı","Vor-Ort-Hilfsausrüstung","Matériel d'assistance sur site"
"其他设备","其他設備","其他設備","Other gear","Peralatan lain","Peralatan lain","Otro equipo","기타 장비","Altra attrezzatura","その他の機材","Outro equipamento","Другое оборудование","อุปกรณ์อื่น","Thiết bị khác","معدات أخرى","Diğer ekipman","Andere Ausrüstung","Autre matériel"
"主相机或主手机已充电并可正常拍摄","主相機或主手機已充電並可正常拍攝","主相機或主手機已充電並可正常拍攝","Main camera or phone is charged and ready to shoot","Kamera atau ponsel utama terisi daya dan siap memotret","Kamera atau telefon utama dicas dan sedia merakam","La cámara o teléfono principal está cargado y listo","주 카메라 또는 휴대폰이 충전되어 촬영 가능","Fotocamera o telefono principale carico e pronto","メインカメラまたはスマホは充電済みで撮影可能","Câmera ou celular principal carregado e pronto","Основная камера или телефон заряжены и готовы","กล้องหรือโทรศัพท์หลักชาร์จแล้วและพร้อมถ่าย","Máy ảnh hoặc điện thoại chính đã sạc và sẵn sàng","الكاميرا أو الهاتف الرئيسي مشحون وجاهز للتصوير","Ana kamera veya telefon şarjlı ve çekime hazır","Hauptkamera oder Smartphone ist geladen und bereit","Appareil principal ou téléphone chargé et prêt"
"备用相机或备用手机已准备","備用相機或備用手機已準備","備用相機或備用手機已準備","Backup camera or phone is ready","Kamera atau ponsel cadangan siap","Kamera atau telefon sandaran sedia","Cámara o teléfono de respaldo listo","예비 카메라 또는 휴대폰 준비 완료","Fotocamera o telefono di riserva pronto","予備カメラまたはスマホ準備済み","Câmera ou celular reserva pronto","Резервная камера или телефон готовы","กล้องหรือโทรศัพท์สำรองพร้อมแล้ว","Máy ảnh hoặc điện thoại dự phòng đã sẵn sàng","الكاميرا أو الهاتف الاحتياطي جاهز","Yedek kamera veya telefon hazır","Ersatzkamera oder Smartphone bereit","Appareil ou téléphone de secours prêt"
"已清洁镜头、传感器或手机摄像头","已清潔鏡頭、感應器或手機鏡頭","已清潔鏡頭、感光元件或手機鏡頭","Lens, sensor, or phone camera cleaned","Lensa, sensor, atau kamera ponsel sudah dibersihkan","Kanta, sensor atau kamera telefon telah dibersihkan","Objetivo, sensor o cámara del teléfono limpios","렌즈, 센서 또는 휴대폰 카메라 청소 완료","Obiettivo, sensore o fotocamera del telefono puliti","レンズ、センサー、スマホカメラを清掃済み","Lente, sensor ou câmera do celular limpos","Объектив, сенсор или камера телефона очищены","ทำความสะอาดเลนส์ เซนเซอร์ หรือกล้องโทรศัพท์แล้ว","Đã vệ sinh ống kính, cảm biến hoặc camera điện thoại","تم تنظيف العدسة أو المستشعر أو كاميرا الهاتف","Lens, sensör veya telefon kamerası temizlendi","Objektiv, Sensor oder Smartphone-Kamera gereinigt","Objectif, capteur ou caméra du téléphone nettoyé"
"已关闭不必要的通知、自动锁屏和省电限制","已關閉不必要的通知、自動鎖屏和省電限制","已關閉不必要的通知、自動鎖定和省電限制","Unneeded notifications, auto-lock, and power-saving limits disabled","Notifikasi tidak perlu, kunci otomatis, dan batas hemat daya dimatikan","Pemberitahuan tidak perlu, kunci automatik dan had jimat kuasa dimatikan","Notificaciones innecesarias, bloqueo automático y ahorro de energía desactivados","불필요한 알림, 자동 잠금, 절전 제한 해제","Notifiche inutili, blocco automatico e risparmio energia disattivati","不要な通知、自動ロック、省電力制限をオフ","Notificações desnecessárias, bloqueio automático e economia de energia desativados","Ненужные уведомления, автоблокировка и энергосбережение отключены","ปิดการแจ้งเตือนที่ไม่จำเป็น ล็อกอัตโนมัติ และข้อจำกัดประหยัดพลังงานแล้ว","Đã tắt thông báo không cần thiết, tự khóa và giới hạn tiết kiệm pin","تم إيقاف الإشعارات غير الضرورية والقفل التلقائي وحدود توفير الطاقة","Gereksiz bildirimler, otomatik kilit ve güç tasarrufu sınırlamaları kapalı","Unnötige Benachrichtigungen, Auto-Sperre und Energiesparen deaktiviert","Notifications inutiles, verrouillage auto et économie d'énergie désactivés"
"已选择适合构图的镜头或手机焦段","已選擇適合構圖的鏡頭或手機焦段","已選擇適合構圖的鏡頭或手機焦段","Lens or phone focal length suitable for composition selected","Lensa atau panjang fokus ponsel yang sesuai komposisi dipilih","Kanta atau jarak fokus telefon sesuai komposisi dipilih","Objetivo o focal del teléfono adecuados para la composición seleccionados","구도에 맞는 렌즈 또는 휴대폰 화각 선택 완료","Obiettivo o focale telefono adatti alla composizione scelti","構図に合うレンズまたはスマホ焦点距離を選択済み","Lente ou distância focal do celular adequada escolhida","Выбран объектив или фокусное телефона под композицию","เลือกเลนส์หรือช่วงโฟกัสโทรศัพท์ที่เหมาะกับองค์ประกอบภาพแล้ว","Đã chọn ống kính hoặc tiêu cự điện thoại phù hợp bố cục","تم اختيار عدسة أو بعد بؤري للهاتف مناسب للتكوين","Kadraj için uygun lens veya telefon odak uzaklığı seçildi","Passendes Objektiv oder Smartphone-Brennweite gewählt","Objectif ou focale de téléphone adapté au cadrage choisi"
"ND 滤镜、CPL 滤镜或转接环已带齐","ND 濾鏡、CPL 濾鏡或轉接環已帶齊","ND 濾鏡、CPL 濾鏡或轉接環已帶齊","ND filter, CPL filter, or adapter ring packed","Filter ND, filter CPL, atau cincin adaptor dibawa","Penapis ND, penapis CPL atau cincin penyesuai dibawa","Filtro ND, filtro CPL o anillo adaptador preparado","ND 필터, CPL 필터 또는 어댑터 링 준비 완료","Filtro ND, filtro CPL o anello adattatore pronti","NDフィルター、CPLフィルター、アダプターリング準備済み","Filtro ND, filtro CPL ou anel adaptador embalado","ND-фильтр, CPL-фильтр или переходное кольцо взяты","เตรียมฟิลเตอร์ ND, CPL หรือแหวนแปลงแล้ว","Đã mang kính lọc ND, CPL hoặc vòng chuyển","تم تجهيز مرشح ND أو CPL أو حلقة تحويل","ND filtre, CPL filtre veya adaptör halkası hazır","ND-Filter, CPL-Filter oder Adapterring eingepackt","Filtre ND, filtre CPL ou bague d'adaptation prêts"
"镜头盖、遮光罩、清洁布和气吹已准备","鏡頭蓋、遮光罩、清潔布和氣吹已準備","鏡頭蓋、遮光罩、清潔布和吹球已準備","Lens cap, hood, cleaning cloth, and blower ready","Tutup lensa, tudung lensa, kain pembersih, dan blower siap","Penutup kanta, hud, kain pembersih dan peniup sedia","Tapa, parasol, paño de limpieza y soplador listos","렌즈 캡, 후드, 클리닝 천, 블로어 준비 완료","Tappo, paraluce, panno e soffietto pronti","レンズキャップ、フード、クリーニングクロス、ブロワー準備済み","Tampa, parassol, pano e soprador prontos","Крышка, бленда, салфетка и груша готовы","เตรียมฝาปิดเลนส์ ฮูด ผ้าเช็ด และลูกยางเป่าลมแล้ว","Đã chuẩn bị nắp ống kính, hood, khăn lau và bóng thổi","تم تجهيز غطاء العدسة والواقي وقماش التنظيف والمنفاخ","Lens kapağı, parasoley, temizleme bezi ve hava pompası hazır","Objektivdeckel, Blende, Tuch und Blasebalg bereit","Bouchon, pare-soleil, chiffon et soufflette prêts"
"三脚架、云台或手机夹已检查锁紧","三腳架、雲台或手機夾已檢查鎖緊","腳架、雲台或手機夾已檢查鎖緊","Tripod, head, or phone clamp checked and tightened","Tripod, kepala tripod, atau penjepit ponsel diperiksa dan dikencangkan","Tripod, kepala tripod atau pengapit telefon diperiksa dan diketatkan","Trípode, rótula o soporte de teléfono revisados y ajustados","삼각대, 헤드 또는 휴대폰 클램프 잠금 확인","Treppiede, testa o supporto telefono controllati e serrati","三脚、雲台、スマホホルダーの固定確認済み","Tripé, cabeça ou suporte do celular verificados e apertados","Штатив, головка или держатель телефона проверены и затянуты","ตรวจสอบและล็อกขาตั้ง หัวแพน หรือที่จับโทรศัพท์แล้ว","Đã kiểm tra và siết chân máy, đầu tripod hoặc kẹp điện thoại","تم فحص وتثبيت الحامل الثلاثي أو الرأس أو مشبك الهاتف","Tripod, kafa veya telefon kelepçesi kontrol edilip sıkıldı","Stativ, Kopf oder Handyhalter geprüft und festgezogen","Trépied, rotule ou pince téléphone vérifiés et serrés"
"快装板、螺丝、转接头已带齐","快裝板、螺絲、轉接頭已帶齊","快拆板、螺絲、轉接頭已帶齊","Quick-release plate, screws, and adapters packed","Pelat quick-release, sekrup, dan adaptor dibawa","Plat lepas cepat, skru dan penyesuai dibawa","Placa rápida, tornillos y adaptadores preparados","퀵 릴리스 플레이트, 나사, 어댑터 준비 완료","Piastra rapida, viti e adattatori pronti","クイックリリースプレート、ネジ、アダプター準備済み","Placa rápida, parafusos e adaptadores embalados","Площадка, винты и адаптеры взяты","เตรียมเพลตปลดเร็ว สกรู และอะแดปเตอร์แล้ว","Đã mang plate tháo nhanh, vít và đầu chuyển","تم تجهيز لوحة التحرير السريع والبراغي والمحولات","Hızlı bağlantı plakası, vidalar ve adaptörler hazır","Schnellwechselplatte, Schrauben und Adapter eingepackt","Plateau rapide, vis et adaptateurs prêts"
"沙袋、配重或防风固定方案已准备","沙袋、配重或防風固定方案已準備","沙袋、配重或防風固定方案已準備","Sandbags, counterweights, or wind-stabilizing setup ready","Karung pasir, pemberat, atau solusi penahan angin siap","Beg pasir, pemberat atau kaedah penstabil angin sedia","Sacos de arena, contrapesos o fijación contra viento listos","모래주머니, 추 또는 방풍 고정 장치 준비 완료","Sacchi di sabbia, contrappesi o fissaggio antivento pronti","サンドバッグ、ウェイト、防風固定策準備済み","Sacos de areia, contrapesos ou fixação contra vento prontos","Мешки с песком, грузы или защита от ветра готовы","เตรียมถุงทราย ถ่วงน้ำหนัก หรือวิธียึดกันลมแล้ว","Đã chuẩn bị bao cát, đối trọng hoặc phương án cố định chống gió","تم تجهيز أكياس الرمل أو الأثقال أو تثبيت مقاوم للرياح","Kum torbaları, ağırlıklar veya rüzgar sabitleme hazır","Sandsäcke, Gegengewichte oder Windfixierung bereit","Sacs de sable, contrepoids ou fixation anti-vent prêts"
"滑轨、云台电机或稳定器已充电","滑軌、雲台電機或穩定器已充電","滑軌、雲台馬達或穩定器已充電","Slider, gimbal motor, or stabilizer charged","Slider, motor gimbal, atau stabilizer terisi daya","Slider, motor gimbal atau penstabil dicas","Slider, motor de gimbal o estabilizador cargado","슬라이더, 짐벌 모터 또는 안정기 충전 완료","Slider, motore gimbal o stabilizzatore carichi","スライダー、ジンバルモーター、スタビライザー充電済み","Slider, motor do gimbal ou estabilizador carregados","Слайдер, мотор подвеса или стабилизатор заряжены","ชาร์จสไลเดอร์ มอเตอร์กิมบอล หรือกันสั่นแล้ว","Đã sạc slider, mô-tơ gimbal hoặc bộ chống rung","تم شحن السلايدر أو محرك الجيمبال أو المثبت","Slider, gimbal motoru veya stabilizer şarjlı","Slider, Gimbal-Motor oder Stabilisator geladen","Slider, moteur de gimbal ou stabilisateur chargés"
"运动控制轨迹、速度和方向已预设","運動控制軌跡、速度和方向已預設","運動控制軌跡、速度和方向已預設","Motion path, speed, and direction preset","Jalur gerak, kecepatan, dan arah sudah diatur","Laluan gerakan, kelajuan dan arah dipratetap","Trayectoria, velocidad y dirección preconfiguradas","모션 경로, 속도, 방향 사전 설정 완료","Percorso, velocità e direzione preimpostati","モーション軌道、速度、方向を設定済み","Trajetória, velocidade e direção predefinidas","Траектория, скорость и направление заданы","ตั้งค่าเส้นทาง ความเร็ว และทิศทางการเคลื่อนที่แล้ว","Đã đặt sẵn quỹ đạo, tốc độ và hướng chuyển động","تم ضبط مسار الحركة والسرعة والاتجاه مسبقا","Hareket yolu, hız ve yön önceden ayarlandı","Bewegungspfad, Geschwindigkeit und Richtung voreingestellt","Trajectoire, vitesse et direction prédéfinies"
"控制器、连接线和遥控器已测试","控制器、連接線和遙控器已測試","控制器、連接線和遙控器已測試","Controller, cables, and remote tested","Kontroler, kabel, dan remote sudah diuji","Pengawal, kabel dan alat kawalan jauh diuji","Controlador, cables y mando probados","컨트롤러, 케이블, 리모컨 테스트 완료","Controller, cavi e telecomando testati","コントローラー、ケーブル、リモコン動作確認済み","Controlador, cabos e controle remoto testados","Контроллер, кабели и пульт проверены","ทดสอบคอนโทรลเลอร์ สาย และรีโมตแล้ว","Đã kiểm tra bộ điều khiển, cáp và điều khiển từ xa","تم اختبار وحدة التحكم والكابلات وجهاز التحكم عن بعد","Kontrolcü, kablolar ve uzaktan kumanda test edildi","Controller, Kabel und Fernbedienung getestet","Contrôleur, câbles et télécommande testés"
"相机电池、手机移动电源和充电线已带齐","相機電池、手機流動電源和充電線已帶齊","相機電池、手機行動電源和充電線已帶齊","Camera batteries, phone power bank, and charging cables packed","Baterai kamera, power bank ponsel, dan kabel pengisi daya dibawa","Bateri kamera, bank kuasa telefon dan kabel pengecas dibawa","Baterías de cámara, batería externa y cables preparados","카메라 배터리, 휴대폰 보조배터리, 충전 케이블 준비 완료","Batterie fotocamera, power bank e cavi di ricarica pronti","カメラバッテリー、モバイルバッテリー、充電ケーブル準備済み","Baterias da câmera, power bank e cabos embalados","Аккумуляторы камеры, пауэрбанк и кабели взяты","เตรียมแบตเตอรี่กล้อง พาวเวอร์แบงก์ และสายชาร์จแล้ว","Đã mang pin máy ảnh, sạc dự phòng và cáp sạc","تم تجهيز بطاريات الكاميرا وبنك الطاقة وكابلات الشحن","Kamera pilleri, telefon güç bankası ve şarj kabloları hazır","Kameraakkus, Powerbank und Ladekabel eingepackt","Batteries caméra, batterie externe et câbles prêts"
"外接供电方案已测试并可持续覆盖拍摄时长","外接供電方案已測試並可持續覆蓋拍攝時長","外接供電方案已測試並可持續支援拍攝時長","External power setup tested and can cover the full shoot","Solusi daya eksternal diuji dan cukup untuk seluruh pemotretan","Penyelesaian kuasa luaran diuji dan mampu meliputi keseluruhan rakaman","Alimentación externa probada y suficiente para toda la captura","외부 전원 구성이 전체 촬영 시간을 지원하도록 테스트됨","Alimentazione esterna testata e sufficiente per tutta la ripresa","外部電源構成はテスト済みで撮影時間全体をカバー可能","Energia externa testada e suficiente para toda a captura","Внешнее питание проверено и покрывает всю съемку","ทดสอบไฟเลี้ยงภายนอกแล้วและครอบคลุมเวลาถ่ายทั้งหมด","Đã kiểm tra nguồn ngoài và đủ cho toàn bộ thời gian chụp","تم اختبار مصدر الطاقة الخارجي ويغطي مدة التصوير كاملة","Harici güç kurulumu test edildi ve tüm çekimi karşılar","Externe Stromversorgung getestet und für die ganze Aufnahme ausreichend","Alimentation externe testée et suffisante pour toute la prise"
"低温或长时间拍摄的保温、防水措施已准备","低溫或長時間拍攝的保溫、防水措施已準備","低溫或長時間拍攝的保溫、防水措施已準備","Insulation and waterproofing ready for cold or long shoots","Isolasi dan perlindungan air siap untuk pemotretan dingin atau lama","Penebat dan kalis air sedia untuk rakaman sejuk atau lama","Aislamiento e impermeabilización listos para frío o tomas largas","저온 또는 장시간 촬영용 보온, 방수 대책 준비 완료","Isolamento e impermeabilizzazione pronti per freddo o riprese lunghe","低温または長時間撮影向けの保温・防水対策準備済み","Isolamento e impermeabilização prontos para frio ou capturas longas","Утепление и защита от воды готовы для холода или долгой съемки","เตรียมการกันหนาวและกันน้ำสำหรับอากาศเย็นหรือถ่ายนานแล้ว","Đã chuẩn bị giữ ấm và chống nước cho chụp lạnh hoặc dài","تم تجهيز العزل والحماية من الماء للبرد أو التصوير الطويل","Soğuk veya uzun çekimler için yalıtım ve su koruması hazır","Isolierung und Wasserschutz für Kälte oder lange Aufnahmen bereit","Isolation et protection eau prêtes pour froid ou longues prises"
"存储卡或手机剩余空间足够","儲存卡或手機剩餘空間足夠","記憶卡或手機剩餘空間足夠","Memory card or phone has enough free space","Kartu memori atau ponsel memiliki ruang cukup","Kad memori atau telefon mempunyai ruang mencukupi","Tarjeta de memoria o teléfono con espacio suficiente","메모리 카드 또는 휴대폰 여유 공간 충분","Scheda memoria o telefono con spazio sufficiente","メモリーカードまたはスマホの空き容量十分","Cartão de memória ou celular com espaço suficiente","На карте памяти или телефоне достаточно места","การ์ดหน่วยความจำหรือโทรศัพท์มีพื้นที่เพียงพอ","Thẻ nhớ hoặc điện thoại còn đủ dung lượng","بطاقة الذاكرة أو الهاتف به مساحة كافية","Hafıza kartı veya telefonda yeterli boş alan var","Speicherkarte oder Smartphone hat genug freien Platz","Carte mémoire ou téléphone avec assez d'espace"
"备用存储卡、读卡器或移动硬盘已准备","備用儲存卡、讀卡器或流動硬碟已準備","備用記憶卡、讀卡機或行動硬碟已準備","Backup memory card, card reader, or portable drive ready","Kartu memori cadangan, pembaca kartu, atau hard disk portabel siap","Kad memori sandaran, pembaca kad atau cakera mudah alih sedia","Tarjeta de respaldo, lector o disco portátil listos","예비 메모리 카드, 카드 리더기 또는 외장 드라이브 준비 완료","Scheda di riserva, lettore o disco portatile pronti","予備メモリーカード、カードリーダー、外付けドライブ準備済み","Cartão reserva, leitor ou drive portátil prontos","Резервная карта, кардридер или переносной диск готовы","เตรียมการ์ดสำรอง เครื่องอ่านการ์ด หรือฮาร์ดดิสก์พกพาแล้ว","Đã chuẩn bị thẻ nhớ dự phòng, đầu đọc thẻ hoặc ổ cứng di động","تم تجهيز بطاقة ذاكرة احتياطية أو قارئ بطاقات أو قرص محمول","Yedek hafıza kartı, kart okuyucu veya taşınabilir disk hazır","Ersatzspeicherkarte, Kartenleser oder mobile Festplatte bereit","Carte mémoire de secours, lecteur ou disque portable prêts"
"重要素材已提前备份，存储卡可安全格式化","重要素材已提前備份，儲存卡可安全格式化","重要素材已提前備份，記憶卡可安全格式化","Important footage backed up. Memory card can be safely formatted","Materi penting sudah dicadangkan. Kartu memori aman diformat","Bahan penting disandarkan. Kad memori boleh diformat dengan selamat","Material importante respaldado. La tarjeta puede formatearse","중요 자료 백업 완료. 메모리 카드를 안전하게 포맷 가능","Materiale importante salvato. Scheda formattabile in sicurezza","重要素材はバックアップ済み。メモリーカードを安全に初期化可能","Material importante salvo. Cartão pode ser formatado com segurança","Важные материалы сохранены. Карту можно безопасно форматировать","สำรองไฟล์สำคัญแล้ว สามารถฟอร์แมตการ์ดได้อย่างปลอดภัย","Đã sao lưu tư liệu quan trọng. Có thể định dạng thẻ nhớ an toàn","تم نسخ المواد المهمة احتياطيا ويمكن تهيئة بطاقة الذاكرة بأمان","Önemli görüntüler yedeklendi. Hafıza kartı güvenle biçimlendirilebilir","Wichtige Aufnahmen gesichert. Speicherkarte kann formatiert werden","Images importantes sauvegardées. Carte formatable en sécurité"
"头灯、手电、雨具、防晒或保暖用品已准备","頭燈、電筒、雨具、防曬或保暖用品已準備","頭燈、手電筒、雨具、防曬或保暖用品已準備","Headlamp, flashlight, rain gear, sun protection, or warm gear ready","Headlamp, senter, perlengkapan hujan, tabir surya, atau perlengkapan hangat siap","Lampu kepala, lampu suluh, peralatan hujan, pelindung matahari atau pakaian panas sedia","Frontal, linterna, lluvia, protección solar o abrigo listos","헤드램프, 손전등, 우비, 자외선 차단 또는 보온 용품 준비 완료","Lampada frontale, torcia, pioggia, protezione sole o caldo pronti","ヘッドライト、懐中電灯、雨具、日焼け・防寒用品準備済み","Lanterna de cabeça, lanterna, chuva, proteção solar ou agasalho prontos","Фонарь, дождевик, защита от солнца или тепло готовы","เตรียมไฟคาดหัว ไฟฉาย อุปกรณ์กันฝน กันแดด หรือกันหนาวแล้ว","Đã chuẩn bị đèn đội đầu, đèn pin, áo mưa, chống nắng hoặc giữ ấm","تم تجهيز مصباح الرأس أو المصباح أو معدات المطر أو الوقاية من الشمس أو التدفئة","Kafa lambası, el feneri, yağmurluk, güneş koruması veya sıcak tutan ekipman hazır","Stirnlampe, Taschenlampe, Regen-, Sonnen- oder Wärmeschutz bereit","Lampe frontale, torche, pluie, soleil ou vêtements chauds prêts"
"拍摄点位、天气、日出日落或银河时间已确认","拍攝點位、天氣、日出日落或銀河時間已確認","拍攝點位、天氣、日出日落或銀河時間已確認","Location, weather, sunrise/sunset, or Milky Way time confirmed","Lokasi, cuaca, matahari terbit/terbenam, atau waktu Bima Sakti dikonfirmasi","Lokasi, cuaca, matahari terbit/terbenam atau waktu Bima Sakti disahkan","Ubicación, clima, amanecer/atardecer o Vía Láctea confirmados","촬영 위치, 날씨, 일출/일몰 또는 은하수 시간 확인 완료","Posizione, meteo, alba/tramonto o Via Lattea confermati","撮影場所、天気、日の出/日没、天の川時間確認済み","Local, clima, nascer/pôr do sol ou Via Láctea confirmados","Место, погода, рассвет/закат или Млечный Путь подтверждены","ยืนยันจุดถ่าย สภาพอากาศ เวลาพระอาทิตย์ขึ้น/ตก หรือทางช้างเผือกแล้ว","Đã xác nhận điểm chụp, thời tiết, bình minh/hoàng hôn hoặc thời gian Dải Ngân Hà","تم تأكيد الموقع والطقس والشروق أو الغروب أو وقت درب التبانة","Konum, hava, gün doğumu/batımı veya Samanyolu zamanı onaylandı","Standort, Wetter, Sonnenauf-/untergang oder Milchstraßenzeit bestätigt","Lieu, météo, lever/coucher du soleil ou Voie lactée confirmés"
"必要许可、交通路线和现场安全风险已确认","必要許可、交通路線和現場安全風險已確認","必要許可、交通路線和現場安全風險已確認","Required permits, route, and on-site safety risks confirmed","Izin, rute, dan risiko keselamatan lokasi dikonfirmasi","Permit, laluan dan risiko keselamatan lokasi disahkan","Permisos, ruta y riesgos de seguridad confirmados","필요 허가, 이동 경로, 현장 안전 위험 확인 완료","Permessi, percorso e rischi di sicurezza confermati","必要許可、交通ルート、現場安全リスク確認済み","Permissões, rota e riscos de segurança confirmados","Разрешения, маршрут и риски безопасности подтверждены","ยืนยันใบอนุญาต เส้นทาง และความเสี่ยงความปลอดภัยในพื้นที่แล้ว","Đã xác nhận giấy phép, tuyến đường và rủi ro an toàn tại hiện trường","تم تأكيد التصاريح المطلوبة والطريق ومخاطر السلامة في الموقع","Gerekli izinler, rota ve saha güvenlik riskleri onaylandı","Erforderliche Genehmigungen, Route und Sicherheitsrisiken bestätigt","Autorisations, itinéraire et risques de sécurité confirmés"
"保存失败，请稍后重试","保存失敗，請稍後重試","儲存失敗，請稍後再試","Save failed. Try again later.","Gagal menyimpan. Coba lagi nanti.","Gagal menyimpan. Cuba lagi nanti.","Error al guardar. Inténtalo más tarde.","저장 실패. 나중에 다시 시도하세요.","Salvataggio non riuscito. Riprova più tardi.","保存に失敗しました。後でもう一度お試しください。","Falha ao salvar. Tente novamente mais tarde.","Не удалось сохранить. Повторите позже.","บันทึกไม่สำเร็จ โปรดลองอีกครั้งภายหลัง","Lưu thất bại. Vui lòng thử lại sau.","فشل الحفظ. حاول مرة أخرى لاحقا.","Kaydetme başarısız. Daha sonra tekrar deneyin.","Speichern fehlgeschlagen. Später erneut versuchen.","Échec de l'enregistrement. Réessayez plus tard."
"请先输入检查项","請先輸入檢查項","請先輸入檢查項","Enter a checklist item first","Masukkan item terlebih dahulu","Masukkan item dahulu","Introduce primero un elemento","먼저 체크 항목을 입력하세요","Inserisci prima un elemento","先にチェック項目を入力してください","Insira um item primeiro","Сначала введите пункт","โปรดป้อนรายการตรวจสอบก่อน","Vui lòng nhập mục kiểm tra trước","أدخل عنصر تحقق أولا","Önce bir kontrol öğesi girin","Gib zuerst einen Checklistenpunkt ein","Saisissez d'abord un élément"
"删除检查项","刪除檢查項","刪除檢查項","Delete checklist item","Hapus item daftar periksa","Padam item senarai semak","Eliminar elemento","체크 항목 삭제","Elimina elemento","チェック項目を削除","Excluir item","Удалить пункт","ลบรายการตรวจสอบ","Xóa mục kiểm tra","حذف عنصر التحقق","Kontrol öğesini sil","Checklistenpunkt löschen","Supprimer l'élément"
"确认删除“{item}”？","確認刪除「{item}」？","確認刪除「{item}」？","Delete ""{item}""?","Hapus ""{item}""?","Padam ""{item}""?","¿Eliminar ""{item}""?","""{item}""을 삭제할까요?","Eliminare ""{item}""?","「{item}」を削除しますか？","Excluir ""{item}""?","Удалить ""{item}""?","ลบ ""{item}"" หรือไม่","Xóa ""{item}""?","هل تريد حذف ""{item}""؟","""{item}"" silinsin mi?","""{item}"" löschen?","Supprimer ""{item}"" ?"
"恢复默认清单","恢復預設清單","恢復預設清單","Restore default checklist","Pulihkan daftar default","Pulihkan senarai lalai","Restaurar lista predeterminada","기본 체크리스트 복원","Ripristina lista predefinita","既定のチェックリストに戻す","Restaurar lista padrão","Восстановить чек-лист по умолчанию","คืนค่าเช็กลิสต์เริ่มต้น","Khôi phục danh sách mặc định","استعادة قائمة التحقق الافتراضية","Varsayılan listeyi geri yükle","Standard-Checkliste wiederherstellen","Restaurer la liste par défaut"
"会覆盖当前事件清单和勾选状态，是否继续？","會覆蓋當前事件清單和勾選狀態，是否繼續？","會覆蓋目前事件清單和勾選狀態，是否繼續？","This will overwrite the current event checklist and checked states. Continue?","Ini akan menimpa daftar acara saat ini dan status centang. Lanjutkan?","Ini akan menimpa senarai acara semasa dan status tanda. Teruskan?","Esto sobrescribirá la lista actual y sus estados. ¿Continuar?","현재 이벤트 체크리스트와 체크 상태를 덮어씁니다. 계속할까요?","Sovrascriverà la lista evento corrente e gli stati. Continuare?","現在のイベントチェックリストとチェック状態を上書きします。続行しますか？","Isso substituirá a lista atual e os estados marcados. Continuar?","Это перезапишет текущий чек-лист и отметки. Продолжить?","จะเขียนทับเช็กลิสต์กิจกรรมและสถานะที่เลือกอยู่ ดำเนินการต่อหรือไม่","Thao tác này sẽ ghi đè danh sách sự kiện hiện tại và trạng thái chọn. Tiếp tục?","سيؤدي هذا إلى استبدال قائمة الحدث الحالية وحالات التحديد. متابعة؟","Mevcut etkinlik listesini ve işaretleri üzerine yazar. Devam edilsin mi?","Dies überschreibt die aktuelle Ereignis-Checkliste und Markierungen. Fortfahren?","Cela remplacera la liste actuelle et les états cochés. Continuer ?"
"恢复","恢復","恢復","Restore","Pulihkan","Pulihkan","Restaurar","복원","Ripristina","復元","Restaurar","Восстановить","คืนค่า","Khôi phục","استعادة","Geri yükle","Wiederherstellen","Restaurer"
"删除当前清单","刪除當前清單","刪除目前清單","Delete current checklist","Hapus daftar saat ini","Padam senarai semasa","Eliminar lista actual","현재 체크리스트 삭제","Elimina lista corrente","現在のチェックリストを削除","Excluir lista atual","Удалить текущий чек-лист","ลบเช็กลิสต์ปัจจุบัน","Xóa danh sách hiện tại","حذف القائمة الحالية","Mevcut listeyi sil","Aktuelle Checkliste löschen","Supprimer la liste actuelle"
"会删除本地保存的事件名称、日期和勾选状态，并恢复默认清单，是否继续？","會刪除本地保存的事件名稱、日期和勾選狀態，並恢復預設清單，是否繼續？","會刪除本機儲存的事件名稱、日期和勾選狀態，並恢復預設清單，是否繼續？","This will delete the locally saved event name, date, and checked states, then restore the default checklist. Continue?","Ini akan menghapus nama acara, tanggal, dan status centang lokal, lalu memulihkan daftar default. Lanjutkan?","Ini akan memadam nama acara, tarikh dan status tanda setempat, kemudian memulihkan senarai lalai. Teruskan?","Esto eliminará el nombre, la fecha y los estados locales, y restaurará la lista predeterminada. ¿Continuar?","로컬에 저장된 이벤트 이름, 날짜, 체크 상태를 삭제하고 기본 체크리스트를 복원합니다. 계속할까요?","Eliminerà nome evento, data e stati locali, poi ripristinerà la lista predefinita. Continuare?","ローカル保存されたイベント名、日付、チェック状態を削除し、既定のチェックリストに戻します。続行しますか？","Isso excluirá nome, data e estados locais e restaurará a lista padrão. Continuar?","Будут удалены локальные название, дата и отметки, затем восстановлен чек-лист по умолчанию. Продолжить?","จะลบชื่อกิจกรรม วันที่ และสถานะที่บันทึกในเครื่อง แล้วคืนค่าเช็กลิสต์เริ่มต้น ดำเนินการต่อหรือไม่","Thao tác này sẽ xóa tên sự kiện, ngày và trạng thái chọn đã lưu cục bộ, rồi khôi phục danh sách mặc định. Tiếp tục?","سيتم حذف اسم الحدث والتاريخ وحالات التحديد المحفوظة محليا ثم استعادة القائمة الافتراضية. متابعة؟","Yerel etkinlik adı, tarih ve işaretler silinir, ardından varsayılan liste geri yüklenir. Devam edilsin mi?","Lokal gespeicherter Ereignisname, Datum und Markierungen werden gelöscht und die Standardliste wiederhergestellt. Fortfahren?","Cela supprimera le nom, la date et les états locaux, puis restaurera la liste par défaut. Continuer ?"
"快速开始","快速開始","快速開始","Quick start","Mulai cepat","Mula pantas","Inicio rápido","빠른 시작","Avvio rapido","クイックスタート","Início rápido","Быстрый старт","เริ่มต้นด่วน","Bắt đầu nhanh","بدء سريع","Hızlı başlangıç","Schnellstart","Démarrage rapide"
"点击首页上方的场景图标，可直接生成常用拍摄方案。","點擊首頁上方的場景圖示，可直接生成常用拍攝方案。","點擊首頁上方的場景圖示，可直接產生常用拍攝方案。","Tap a scene icon at the top of the home page to generate a common shooting plan.","Ketuk ikon adegan di atas beranda untuk membuat rencana pemotretan umum.","Ketik ikon suasana di atas halaman utama untuk menjana pelan rakaman biasa.","Toca un icono de escena arriba para generar un plan habitual.","홈 상단의 장면 아이콘을 눌러 자주 쓰는 촬영 계획을 생성하세요.","Tocca un'icona scena in alto per generare un piano comune.","ホーム上部のシーンアイコンをタップすると一般的な撮影プランを生成できます。","Toque em um ícone de cena no topo para gerar um plano comum.","Нажмите значок сцены сверху, чтобы создать типовой план.","แตะไอคอนฉากด้านบนหน้าแรกเพื่อสร้างแผนถ่ายทั่วไป","Nhấn biểu tượng cảnh ở đầu trang chính để tạo phương án chụp thường dùng.","اضغط على أيقونة المشهد أعلى الصفحة الرئيسية لإنشاء خطة تصوير شائعة.","Ana sayfanın üstündeki sahne simgesine dokunarak yaygın bir çekim planı oluşturun.","Tippe oben auf der Startseite auf ein Szenensymbol, um einen üblichen Plan zu erstellen.","Touchez une icône de scène en haut de l'accueil pour générer un plan courant."
"也可以手动输入 2-3 个已知参数，留空需要自动计算的项目。","也可以手動輸入 2-3 個已知參數，留空需要自動計算的項目。","也可以手動輸入 2-3 個已知參數，留空需要自動計算的項目。","You can also manually enter 2-3 known parameters and leave fields blank for automatic calculation.","Anda juga dapat memasukkan 2-3 parameter yang diketahui dan mengosongkan bidang untuk dihitung otomatis.","Anda juga boleh memasukkan 2-3 parameter diketahui dan biarkan medan kosong untuk kiraan automatik.","También puedes introducir 2-3 parámetros conocidos y dejar en blanco los que se calculan.","알려진 매개변수 2-3개를 직접 입력하고 자동 계산할 항목은 비워둘 수 있습니다.","Puoi anche inserire 2-3 parametri noti e lasciare vuoti quelli da calcolare.","既知のパラメータを2-3個手入力し、自動計算したい項目は空欄にできます。","Você também pode inserir 2-3 parâmetros conhecidos e deixar campos em branco.","Также можно ввести 2-3 известных параметра и оставить пустыми поля для расчета.","คุณยังสามารถป้อนพารามิเตอร์ที่ทราบ 2-3 ค่า และเว้นช่องที่ต้องการให้คำนวณอัตโนมัติ","Bạn cũng có thể nhập thủ công 2-3 tham số đã biết và để trống mục cần tự động tính.","يمكنك أيضا إدخال معلمتين أو ثلاث معلمات معروفة وترك الحقول التي تريد حسابها فارغة.","Bilinen 2-3 parametreyi elle girip otomatik hesaplanacak alanları boş bırakabilirsiniz.","Du kannst auch 2-3 bekannte Parameter eingeben und Felder für die Berechnung leer lassen.","Vous pouvez aussi saisir 2-3 paramètres connus et laisser vides ceux à calculer."
"点击“计算”后，系统会补齐剩余参数，并标记“自动”字段。","點擊「計算」後，系統會補齊剩餘參數，並標記「自動」欄位。","點擊「計算」後，系統會補齊剩餘參數，並標記「自動」欄位。","After tapping Calculate, the system fills in remaining parameters and marks Auto fields.","Setelah mengetuk Hitung, sistem mengisi parameter lain dan menandai bidang Otomatis.","Selepas mengetik Kira, sistem melengkapkan parameter lain dan menanda medan Automatik.","Tras tocar Calcular, el sistema completa parámetros restantes y marca Automático.","계산을 누르면 남은 매개변수를 채우고 자동 필드를 표시합니다.","Dopo Calcola, il sistema completa i parametri e marca i campi Automatico.","計算をタップすると残りのパラメータを補完し、自動フィールドを表示します。","Após tocar Calcular, o sistema preenche os parâmetros restantes e marca campos Automáticos.","После нажатия Рассчитать система заполнит остальные параметры и отметит авто поля.","หลังแตะคำนวณ ระบบจะเติมพารามิเตอร์ที่เหลือและทำเครื่องหมายช่องอัตโนมัติ","Sau khi nhấn Tính, hệ thống điền các tham số còn lại và đánh dấu trường Tự động.","بعد الضغط على احسب، يكمل النظام المعلمات المتبقية ويضع علامة تلقائي.","Hesapla'ya dokununca sistem kalan parametreleri doldurur ve Otomatik alanları işaretler.","Nach Berechnen ergänzt das System die übrigen Parameter und markiert automatische Felder.","Après Calculer, le système complète les paramètres restants et marque les champs Auto."
"两种计算方式","兩種計算方式","兩種計算方式","Two calculation methods","Dua metode perhitungan","Dua kaedah pengiraan","Dos métodos de cálculo","두 가지 계산 방식","Due metodi di calcolo","2つの計算方法","Dois métodos de cálculo","Два способа расчета","วิธีคำนวณสองแบบ","Hai cách tính","طريقتان للحساب","İki hesaplama yöntemi","Zwei Berechnungsmethoden","Deux méthodes de calcul"
"场景预设","場景預設","場景預設","Scene presets","Preset adegan","Pratetap suasana","Preajustes de escena","장면 프리셋","Preset scena","シーンプリセット","Predefinições de cena","Пресеты сцен","พรีเซ็ตฉาก","Mẫu cảnh","إعدادات المشهد المسبقة","Sahne ön ayarları","Szenenvorlagen","Préréglages de scène"
"手动计算","手動計算","手動計算","Manual calculation","Perhitungan manual","Pengiraan manual","Cálculo manual","수동 계산","Calcolo manuale","手動計算","Cálculo manual","Ручной расчет","คำนวณเอง","Tính thủ công","حساب يدوي","Manuel hesaplama","Manuelle Berechnung","Calcul manuel"
"参数说明","參數說明","參數說明","Parameter guide","Panduan parameter","Panduan parameter","Guía de parámetros","매개변수 안내","Guida parametri","パラメータ説明","Guia de parâmetros","Описание параметров","คำอธิบายพารามิเตอร์","Giải thích tham số","دليل المعلمات","Parametre rehberi","Parameterübersicht","Guide des paramètres"
"相机或手机实际持续拍摄的时间，单位为分钟。","相機或手機實際持續拍攝的時間，單位為分鐘。","相機或手機實際持續拍攝的時間，單位為分鐘。","The actual time the camera or phone keeps shooting, in minutes.","Waktu kamera atau ponsel benar-benar memotret, dalam menit.","Masa sebenar kamera atau telefon merakam, dalam minit.","Tiempo real que la cámara o teléfono captura, en minutos.","카메라 또는 휴대폰이 실제로 촬영하는 시간, 단위는 분입니다.","Tempo effettivo di ripresa di fotocamera o telefono, in minuti.","カメラまたはスマホが実際に撮影し続ける時間。単位は分。","Tempo real de captura da câmera ou celular, em minutos.","Фактическое время съемки камеры или телефона, в минутах.","เวลาที่กล้องหรือโทรศัพท์ถ่ายจริง หน่วยเป็นนาที","Thời gian máy ảnh hoặc điện thoại chụp thực tế, tính bằng phút.","الوقت الفعلي الذي تستمر فيه الكاميرا أو الهاتف في التصوير، بالدقائق.","Kamera veya telefonun gerçekten çekim yaptığı süre, dakika cinsinden.","Tatsächliche Aufnahmezeit von Kamera oder Smartphone in Minuten.","Temps réel pendant lequel l'appareil ou le téléphone filme, en minutes."
"最终视频播放出来的长度，单位为秒。","最終影片播放出來的長度，單位為秒。","最終影片播放出來的長度，單位為秒。","The playback length of the final video, in seconds.","Panjang pemutaran video akhir, dalam detik.","Panjang main balik video akhir, dalam saat.","Duración de reproducción del video final, en segundos.","완성 영상의 재생 길이, 단위는 초입니다.","Durata di riproduzione del video finale, in secondi.","完成動画の再生時間。単位は秒。","Duração de reprodução do vídeo final, em segundos.","Длительность воспроизведения готового видео, в секундах.","ความยาวการเล่นของวิดีโอสุดท้าย หน่วยเป็นวินาที","Độ dài phát của video hoàn chỉnh, tính bằng giây.","مدة تشغيل الفيديو النهائي، بالثواني.","Son videonun oynatma uzunluğu, saniye cinsinden.","Wiedergabelänge des fertigen Videos in Sekunden.","Durée de lecture de la vidéo finale, en secondes."
"视频每秒播放的画面数量，常用 24、25、30、60 fps。","影片每秒播放的畫面數量，常用 24、25、30、60 fps。","影片每秒播放的畫面數量，常用 24、25、30、60 fps。","Frames shown per second. Common values: 24, 25, 30, 60 fps.","Jumlah bingkai per detik. Umum: 24, 25, 30, 60 fps.","Bilangan bingkai sesaat. Biasa: 24, 25, 30, 60 fps.","Fotogramas por segundo. Valores comunes: 24, 25, 30, 60 fps.","초당 표시되는 프레임 수입니다. 일반값: 24, 25, 30, 60 fps.","Fotogrammi al secondo. Valori comuni: 24, 25, 30, 60 fps.","1秒あたりに表示されるフレーム数。一般的には24、25、30、60 fps。","Quadros por segundo. Valores comuns: 24, 25, 30, 60 fps.","Кадров в секунду. Часто: 24, 25, 30, 60 fps.","จำนวนเฟรมที่เล่นต่อวินาที ค่าทั่วไป 24, 25, 30, 60 fps","Số khung hình mỗi giây. Thường dùng: 24, 25, 30, 60 fps.","عدد الإطارات المعروضة في الثانية. الشائع: 24 و25 و30 و60 fps.","Saniyedeki kare sayısı. Yaygın: 24, 25, 30, 60 fps.","Bilder pro Sekunde. Üblich: 24, 25, 30, 60 fps.","Images par seconde. Valeurs courantes : 24, 25, 30, 60 fps."
"每两张照片之间的时间间隔，单位为秒。","每兩張相片之間的時間間隔，單位為秒。","每兩張照片之間的時間間隔，單位為秒。","Time between two photos, in seconds.","Waktu antara dua foto, dalam detik.","Masa antara dua foto, dalam saat.","Tiempo entre dos fotos, en segundos.","사진 두 장 사이의 시간 간격, 단위는 초입니다.","Tempo tra due foto, in secondi.","2枚の写真の間隔。単位は秒。","Tempo entre duas fotos, em segundos.","Время между двумя снимками, в секундах.","ช่วงเวลาระหว่างภาพสองภาพ หน่วยเป็นวินาที","Khoảng thời gian giữa hai ảnh, tính bằng giây.","الوقت بين صورتين، بالثواني.","İki fotoğraf arasındaki süre, saniye cinsinden.","Zeit zwischen zwei Fotos in Sekunden.","Temps entre deux photos, en secondes."
"本次拍摄需要获得的照片数量。","本次拍攝需要獲得的相片數量。","本次拍攝需要取得的照片數量。","Number of photos needed for this shoot.","Jumlah foto yang dibutuhkan untuk pemotretan ini.","Bilangan foto diperlukan untuk rakaman ini.","Número de fotos necesarias para esta captura.","이번 촬영에 필요한 사진 수입니다.","Numero di foto necessarie per questa ripresa.","今回の撮影で必要な写真枚数。","Número de fotos necessárias para esta captura.","Количество фотографий для этой съемки.","จำนวนภาพที่ต้องได้ในการถ่ายครั้งนี้","Số ảnh cần có cho lần chụp này.","عدد الصور المطلوبة لهذا التصوير.","Bu çekim için gereken fotoğraf sayısı.","Anzahl der für diese Aufnahme benötigten Fotos.","Nombre de photos nécessaires pour cette prise."
"结果与提醒","結果與提醒","結果與提醒","Results and reminders","Hasil dan pengingat","Hasil dan peringatan","Resultados y recordatorios","결과 및 알림","Risultati e promemoria","結果とリマインダー","Resultados e lembretes","Результаты и напоминания","ผลลัพธ์และคำเตือน","Kết quả và nhắc nhở","النتائج والتذكيرات","Sonuçlar ve hatırlatmalar","Ergebnisse und Hinweise","Résultats et rappels"
"“自动”标签表示该字段由系统计算得出，不是手动输入。","「自動」標籤表示該欄位由系統計算得出，不是手動輸入。","「自動」標籤表示該欄位由系統計算得出，不是手動輸入。","The Auto tag means the field was calculated by the system, not entered manually.","Label Otomatis berarti bidang dihitung sistem, bukan dimasukkan manual.","Label Automatik bermaksud medan dikira sistem, bukan dimasukkan manual.","La etiqueta Automático indica que el campo fue calculado, no ingresado manualmente.","자동 태그는 해당 필드가 직접 입력이 아니라 시스템 계산값임을 뜻합니다.","L'etichetta Automatico indica un campo calcolato dal sistema, non inserito manualmente.","自動タグは、その項目が手入力ではなくシステム計算であることを示します。","A tag Automático indica que o campo foi calculado pelo sistema, não digitado.","Метка Авто означает, что поле рассчитано системой, а не введено вручную.","ป้ายอัตโนมัติหมายถึงช่องนี้คำนวณโดยระบบ ไม่ได้ป้อนเอง","Nhãn Tự động nghĩa là trường do hệ thống tính, không phải nhập thủ công.","تعني علامة تلقائي أن الحقل حسبه النظام وليس إدخالا يدويا.","Otomatik etiketi, alanın elle değil sistemce hesaplandığını gösterir.","Das Auto-Label bedeutet, dass das Feld vom System berechnet wurde.","Le libellé Auto indique que le champ est calculé par le système, non saisi."
"当总张数较高、间隔过短或拍摄时间较长时，会显示拍摄提醒。","當總張數較高、間隔過短或拍攝時間較長時，會顯示拍攝提醒。","當總張數較高、間隔過短或拍攝時間較長時，會顯示拍攝提醒。","Shooting reminders appear when total shots are high, intervals are short, or shooting time is long.","Pengingat muncul saat total foto tinggi, interval pendek, atau durasi lama.","Peringatan muncul apabila jumlah tangkapan tinggi, selang pendek atau tempoh lama.","Los recordatorios aparecen si hay muchas fotos, intervalos cortos o una captura larga.","총 촬영 장수가 많거나 간격이 짧거나 촬영 시간이 길면 알림이 표시됩니다.","I promemoria appaiono con molti scatti, intervalli brevi o riprese lunghe.","撮影枚数が多い、間隔が短い、撮影時間が長い場合にリマインダーを表示します。","Lembretes aparecem quando há muitas fotos, intervalos curtos ou captura longa.","Напоминания появляются при большом числе снимков, коротком интервале или долгой съемке.","จะแสดงคำเตือนเมื่อจำนวนภาพมาก ช่วงเวลาสั้น หรือถ่ายนาน","Nhắc nhở xuất hiện khi tổng ảnh cao, khoảng cách ngắn hoặc thời gian chụp dài.","تظهر التذكيرات عند كثرة اللقطات أو قصر الفواصل أو طول مدة التصوير.","Toplam çekim yüksek, aralık kısa veya çekim uzun olduğunda hatırlatmalar görünür.","Hinweise erscheinen bei vielen Aufnahmen, kurzen Intervallen oder langer Dauer.","Des rappels s'affichent si le nombre est élevé, l'intervalle court ou la durée longue."
"如果参数互相冲突，页面会提示原因，并显示“重置”按钮方便重新输入。","如果參數互相衝突，頁面會提示原因，並顯示「重置」按鈕方便重新輸入。","如果參數互相衝突，頁面會提示原因，並顯示「重設」按鈕方便重新輸入。","If parameters conflict, the page shows the reason and a Reset button for re-entry.","Jika parameter bertentangan, halaman menampilkan alasan dan tombol Atur ulang.","Jika parameter bercanggah, halaman memaparkan sebab dan butang Tetapkan semula.","Si los parámetros entran en conflicto, se muestra el motivo y un botón Restablecer.","매개변수가 충돌하면 이유와 재입력용 초기화 버튼이 표시됩니다.","Se i parametri sono in conflitto, la pagina mostra il motivo e Reimposta.","パラメータが矛盾すると理由と再入力用のリセットボタンを表示します。","Se houver conflito, a página mostra o motivo e um botão Redefinir.","При конфликте параметров страница покажет причину и кнопку сброса.","หากพารามิเตอร์ขัดแย้งกัน หน้าจะแสดงเหตุผลและปุ่มรีเซ็ตเพื่อป้อนใหม่","Nếu tham số mâu thuẫn, trang sẽ hiển thị lý do và nút Đặt lại để nhập lại.","إذا تعارضت المعلمات، تعرض الصفحة السبب وزر إعادة تعيين للإدخال مجددا.","Parametreler çakışırsa sayfa nedeni ve tekrar giriş için Sıfırla düğmesini gösterir.","Bei Konflikten zeigt die Seite den Grund und eine Zurücksetzen-Schaltfläche.","En cas de conflit, la page affiche la raison et un bouton Réinitialiser."
"复制与历史","複製與歷史","複製與歷史","Copy and history","Salin dan riwayat","Salin dan sejarah","Copiar e historial","복사 및 기록","Copia e cronologia","コピーと履歴","Copiar e histórico","Копирование и история","คัดลอกและประวัติ","Sao chép và lịch sử","النسخ والسجل","Kopyalama ve geçmiş","Kopieren und Verlauf","Copie et historique"
"计算完成后可复制完整拍摄方案，方便保存或发送给同伴。","計算完成後可複製完整拍攝方案，方便保存或發送給同伴。","計算完成後可複製完整拍攝方案，方便儲存或傳送給同伴。","After calculation, copy the full shooting plan to save or send to others.","Setelah perhitungan, salin rencana lengkap untuk disimpan atau dikirim.","Selepas pengiraan, salin pelan penuh untuk disimpan atau dihantar.","Tras calcular, copia el plan completo para guardar o enviar.","계산 후 전체 촬영 계획을 복사해 저장하거나 공유할 수 있습니다.","Dopo il calcolo, copia il piano completo per salvarlo o inviarlo.","計算後、撮影プラン全体をコピーして保存や共有ができます。","Após calcular, copie o plano completo para salvar ou enviar.","После расчета можно скопировать полный план для сохранения или отправки.","หลังคำนวณ สามารถคัดลอกแผนถ่ายทั้งหมดเพื่อบันทึกหรือส่งต่อ","Sau khi tính, có thể sao chép toàn bộ phương án để lưu hoặc gửi.","بعد الحساب، انسخ خطة التصوير الكاملة للحفظ أو الإرسال.","Hesaplamadan sonra tam çekim planını kaydedip göndermek için kopyalayın.","Nach der Berechnung kann der komplette Plan gespeichert oder gesendet werden.","Après calcul, copiez le plan complet pour l'enregistrer ou l'envoyer."
"历史记录默认折叠，展开后可回填最近 10 条方案。","歷史記錄預設折疊，展開後可回填最近 10 條方案。","歷史紀錄預設收合，展開後可回填最近 10 筆方案。","History is collapsed by default. Expand it to restore the latest 10 plans.","Riwayat diciutkan secara default. Perluas untuk memulihkan 10 rencana terbaru.","Sejarah diruntuhkan secara lalai. Kembangkan untuk memulihkan 10 pelan terkini.","El historial está contraído por defecto. Expándelo para restaurar los 10 últimos planes.","기록은 기본으로 접혀 있습니다. 펼치면 최근 10개 계획을 불러올 수 있습니다.","La cronologia è compressa per impostazione predefinita. Espandi per ripristinare gli ultimi 10 piani.","履歴は既定で折りたたまれています。展開すると最新10件のプランを復元できます。","O histórico fica recolhido por padrão. Expanda para restaurar os 10 planos recentes.","История по умолчанию свернута. Разверните, чтобы восстановить 10 последних планов.","ประวัติจะยุบไว้โดยค่าเริ่มต้น ขยายเพื่อเติม 10 แผนล่าสุด","Lịch sử mặc định thu gọn. Mở rộng để điền lại 10 phương án gần nhất.","السجل مطوي افتراضيا. وسعه لاستعادة آخر 10 خطط.","Geçmiş varsayılan olarak daraltılır. Son 10 planı geri yüklemek için genişletin.","Der Verlauf ist standardmäßig eingeklappt. Erweitern zum Wiederherstellen der letzten 10 Pläne.","L'historique est réduit par défaut. Développez-le pour restaurer les 10 derniers plans."
"历史记录保存在本机，清空后不会影响再次计算。","歷史記錄保存在本機，清空後不會影響再次計算。","歷史紀錄保存在本機，清除後不會影響再次計算。","History is stored locally. Clearing it will not affect future calculations.","Riwayat disimpan lokal. Menghapusnya tidak memengaruhi perhitungan berikutnya.","Sejarah disimpan setempat. Mengosongkannya tidak menjejaskan pengiraan akan datang.","El historial se guarda localmente. Borrarlo no afecta cálculos futuros.","기록은 로컬에 저장됩니다. 삭제해도 이후 계산에는 영향이 없습니다.","La cronologia è salvata localmente. Cancellarla non influisce sui calcoli futuri.","履歴は端末内に保存されます。消去しても今後の計算には影響しません。","O histórico é local. Limpá-lo não afeta cálculos futuros.","История хранится локально. Очистка не повлияет на будущие расчеты.","ประวัติบันทึกในเครื่อง การล้างไม่กระทบการคำนวณครั้งถัดไป","Lịch sử lưu trên máy. Xóa lịch sử không ảnh hưởng tính toán sau này.","يحفظ السجل محليا. مسحه لا يؤثر في الحسابات المستقبلية.","Geçmiş yerelde saklanır. Temizlemek sonraki hesaplamaları etkilemez.","Der Verlauf wird lokal gespeichert. Löschen beeinflusst spätere Berechnungen nicht.","L'historique est stocké localement. L'effacer n'affecte pas les calculs futurs."
"关于作者","關於作者","關於作者","About the author","Tentang pembuat","Tentang pencipta","Sobre el autor","작성자 소개","Informazioni sull'autore","作者について","Sobre o autor","Об авторе","เกี่ยวกับผู้เขียน","Giới thiệu tác giả","حول المؤلف","Yazar hakkında","Über den Autor","À propos de l'auteur"
"安全工程师","安全工程師","資安工程師","Security engineer","Insinyur keamanan","Jurutera keselamatan","Ingeniero de seguridad","보안 엔지니어","Ingegnere della sicurezza","セキュリティエンジニア","Engenheiro de segurança","Инженер по безопасности","วิศวกรความปลอดภัย","Kỹ sư bảo mật","مهندس أمن","Güvenlik mühendisi","Sicherheitsingenieur","Ingénieur sécurité"
"兼职摄影师","兼職攝影師","兼職攝影師","Part-time photographer","Fotografer paruh waktu","Jurugambar sambilan","Fotógrafo a tiempo parcial","파트타임 사진가","Fotografo part-time","副業フォトグラファー","Fotógrafo de meio período","Фотограф по совместительству","ช่างภาพพาร์ตไทม์","Nhiếp ảnh gia bán thời gian","مصور بدوام جزئي","Yarı zamanlı fotoğrafçı","Teilzeitfotograf","Photographe à temps partiel"
"互联网从业者","互聯網從業者","網路從業者","Internet industry practitioner","Praktisi industri internet","Pengamal industri internet","Profesional de internet","인터넷 업계 종사자","Professionista del settore internet","インターネット業界従事者","Profissional da internet","Специалист интернет-индустрии","ผู้ทำงานในอุตสาหกรรมอินเทอร์เน็ต","Người làm trong ngành internet","عامل في مجال الإنترنت","İnternet sektörü çalışanı","Internetbranchen-Profi","Professionnel du secteur Internet"
"喜欢探索世界","喜歡探索世界","喜歡探索世界","Enjoys exploring the world","Suka menjelajahi dunia","Suka meneroka dunia","Le gusta explorar el mundo","세상 탐험을 좋아함","Ama esplorare il mondo","世界を探索するのが好き","Gosta de explorar o mundo","Любит исследовать мир","ชอบสำรวจโลก","Thích khám phá thế giới","يحب استكشاف العالم","Dünyayı keşfetmeyi sever","Erkundet gern die Welt","Aime explorer le monde"
"热爱通过影像记录生活","熱愛透過影像記錄生活","熱愛透過影像記錄生活","Loves recording life through images","Suka merekam kehidupan lewat gambar","Suka merakam kehidupan melalui imej","Le encanta registrar la vida con imágenes","영상으로 삶을 기록하는 것을 좋아함","Ama raccontare la vita con le immagini","映像で生活を記録するのが好き","Ama registrar a vida por imagens","Любит фиксировать жизнь в кадрах","รักการบันทึกชีวิตผ่านภาพ","Yêu ghi lại cuộc sống bằng hình ảnh","يحب توثيق الحياة بالصور","Hayatı görüntülerle kaydetmeyi sever","Hält das Leben gern in Bildern fest","Aime raconter la vie par l'image"
"从不错过有趣的技术问题","從不錯過有趣的技術問題","從不錯過有趣的技術問題","Never misses an interesting technical problem","Tidak pernah melewatkan masalah teknis menarik","Tidak pernah terlepas masalah teknikal menarik","Nunca se pierde un problema técnico interesante","흥미로운 기술 문제를 놓치지 않음","Non si perde mai un problema tecnico interessante","面白い技術課題を見逃さない","Nunca perde um problema técnico interessante","Не пропускает интересные технические задачи","ไม่พลาดปัญหาเทคนิคที่น่าสนใจ","Không bỏ lỡ vấn đề kỹ thuật thú vị","لا يفوت أي مشكلة تقنية مثيرة","İlginç teknik sorunları kaçırmaz","Verpasst kein interessantes technisches Problem","Ne manque jamais un problème technique intéressant"
"能用程序解决的问题从不手动操作","能用程式解決的問題從不手動操作","能用程式解決的問題從不手動操作","Never does manually what code can solve","Tidak melakukan manual jika bisa diselesaikan dengan program","Tidak buat secara manual jika boleh diselesaikan dengan program","Nunca hace manualmente lo que puede resolver con código","프로그램으로 해결할 수 있으면 손으로 하지 않음","Non fa a mano ciò che il codice può risolvere","プログラムで解決できることは手作業しない","Nunca faz manualmente o que código resolve","Не делает вручную то, что решает программа","สิ่งที่แก้ด้วยโปรแกรมได้จะไม่ทำมือ","Không làm thủ công việc có thể giải quyết bằng chương trình","لا يفعل يدويا ما يمكن للبرنامج حله","Kodun çözebileceği şeyi elle yapmaz","Was Code lösen kann, wird nicht manuell erledigt","Ne fait jamais à la main ce que le code peut résoudre"
"欢迎在各平台搜索关注我：“Geek_Lii”","歡迎在各平台搜尋關注我：「Geek_Lii」","歡迎在各平台搜尋關注我：「Geek_Lii」","Search and follow me on platforms: ""Geek_Lii""","Cari dan ikuti saya di berbagai platform: ""Geek_Lii""","Cari dan ikuti saya di platform: ""Geek_Lii""","Búscame y sígueme en plataformas: ""Geek_Lii""","여러 플랫폼에서 ""Geek_Lii""를 검색해 팔로우하세요","Cercami e seguimi sulle piattaforme: ""Geek_Lii""","各プラットフォームで「Geek_Lii」を検索してフォローしてください","Pesquise e siga-me nas plataformas: ""Geek_Lii""","Ищите и подписывайтесь: ""Geek_Lii""","ค้นหาและติดตามฉันบนแพลตฟอร์มต่างๆ: ""Geek_Lii""","Tìm và theo dõi tôi trên các nền tảng: ""Geek_Lii""","ابحث عني وتابعني على المنصات: ""Geek_Lii""","Platformlarda beni arayıp takip edin: ""Geek_Lii""","Suche und folge mir auf Plattformen: ""Geek_Lii""","Recherchez-moi et suivez-moi : ""Geek_Lii"""
